,离职人数,疫情等级,月份,lunar_year,lunar_month,lunar_day,离职人数比,前一天在职人数,前一天离职人数
2021-01-02,0.0,1,1,2020,11,19,0.0,6832,0.0
2021-01-03,0.0,1,1,2020,11,20,0.0,6862,0.0
2021-01-04,36.0,1,1,2020,11,21,0.0,6862,0.0
2021-01-05,45.0,1,1,2020,11,22,0.0052716356714013765,6829,36.0
2021-01-06,36.0,1,1,2020,11,23,0.006624466362431915,6793,45.0
2021-01-07,89.0,1,1,2020,11,24,0.005306603773584905,6784,36.0
2021-01-08,67.0,1,1,2020,11,25,0.013251935675997618,6716,89.0
2021-01-09,31.0,1,1,2020,11,26,0.010046483730694257,6669,67.0
2021-01-10,0.0,1,1,2020,11,27,0.004663056558363418,6648,31.0
2021-01-11,68.0,1,1,2020,11,28,0.0,6667,0.0
2021-01-12,34.0,1,1,2020,11,29,0.010276560374792201,6617,68.0
2021-01-13,29.0,1,1,2020,12,1,0.005156984680721978,6593,34.0
2021-01-14,45.0,1,1,2020,12,2,0.004405286343612335,6583,29.0
2021-01-15,61.0,1,1,2020,12,3,0.0068608019515169994,6559,45.0
2021-01-16,31.0,1,1,2020,12,4,0.00933578206305479,6534,61.0
2021-01-17,0.0,1,1,2020,12,5,0.004758250191864927,6515,31.0
2021-01-18,63.0,1,1,2020,12,6,0.0,6523,0.0
2021-01-19,33.0,1,1,2020,12,7,0.009728227300802965,6476,63.0
2021-01-20,34.0,1,1,2020,12,8,0.005117866004962779,6448,33.0
2021-01-21,43.0,1,1,2020,12,9,0.005285247940307788,6433,34.0
2021-01-22,79.0,1,1,2020,12,10,0.006710362047440699,6408,43.0
2021-01-23,52.0,1,1,2020,12,11,0.012470402525651144,6335,79.0
2021-01-24,0.0,1,1,2020,12,12,0.00825658939345824,6298,52.0
2021-01-25,101.0,1,1,2020,12,13,0.0,6309,0.0
2021-01-26,24.0,1,1,2020,12,14,0.01624839124839125,6216,101.0
2021-01-27,36.0,1,1,2020,12,15,0.0038703434929850023,6201,24.0
2021-01-28,57.0,1,1,2020,12,16,0.005822416302765648,6183,36.0
2021-01-29,123.0,1,1,2020,12,17,0.009259259259259259,6156,57.0
2021-01-30,3.0,1,1,2020,12,18,0.02027027027027027,6068,123.0
2021-01-31,1.0,1,1,2020,12,19,0.0004909180166912126,6111,3.0
2021-02-01,31.0,1,2,2020,12,20,0.00016265452179570593,6148,1.0
2021-02-02,6.0,1,2,2020,12,21,0.005055446836268754,6132,31.0
2021-02-03,8.0,1,2,2020,12,22,0.0009759271307742355,6148,6.0
2021-02-04,23.0,1,2,2020,12,23,0.0012984905047881837,6161,8.0
2021-02-05,79.0,1,2,2020,12,24,0.003738013976921827,6153,23.0
2021-02-06,45.0,1,2,2020,12,25,0.01299555848001316,6079,79.0
2021-02-07,0.0,1,2,2020,12,26,0.007457739476300961,6034,45.0
2021-02-08,0.0,1,2,2020,12,27,0.0,6034,0.0
2021-02-09,0.0,1,2,2020,12,28,0.0,6034,0.0
2021-02-10,0.0,1,2,2020,12,29,0.0,6034,0.0
2021-02-11,0.0,1,2,2020,12,30,0.0,6034,0.0
2021-02-12,0.0,1,2,2021,1,1,0.0,6034,0.0
2021-02-13,0.0,1,2,2021,1,2,0.0,6034,0.0
2021-02-14,0.0,1,2,2021,1,3,0.0,6034,0.0
2021-02-15,0.0,1,2,2021,1,4,0.0,6034,0.0
2021-02-16,0.0,1,2,2021,1,5,0.0,6034,0.0
2021-02-17,0.0,1,2,2021,1,6,0.0,6034,0.0
2021-02-18,3.0,1,2,2021,1,7,0.0,6034,0.0
2021-02-19,11.0,1,2,2021,1,8,0.000497429945282706,6031,3.0
2021-02-20,15.0,1,2,2021,1,9,0.0018163804491413474,6056,11.0
2021-02-21,1.0,1,2,2021,1,10,0.0024719841793012527,6068,15.0
2021-02-22,23.0,1,2,2021,1,11,0.00016371971185330714,6108,1.0
2021-02-23,42.0,1,2,2021,1,12,0.003741662599642102,6147,23.0
2021-02-24,29.0,1,2,2021,1,13,0.0068314899154196486,6148,42.0
2021-02-25,79.0,1,2,2021,1,14,0.004702448516296417,6167,29.0
2021-02-26,97.0,1,2,2021,1,15,0.012779035910708508,6182,79.0
2021-02-27,50.0,1,2,2021,1,16,0.015762105947351317,6154,97.0
2021-02-28,0.0,1,2,2021,1,17,0.008128759551292473,6151,50.0
2021-03-01,26.0,1,3,2021,1,18,0.0,6197,0.0
2021-03-02,51.0,1,3,2021,1,19,0.004163330664531626,6245,26.0
2021-03-03,23.0,1,3,2021,1,20,0.00816130580892943,6249,51.0
2021-03-04,54.0,1,3,2021,1,21,0.003650793650793651,6300,23.0
2021-03-05,58.0,1,3,2021,1,22,0.00850125944584383,6352,54.0
2021-03-06,30.0,1,3,2021,1,23,0.00903990024937656,6416,58.0
2021-03-07,0.0,1,3,2021,1,24,0.00462178400862733,6491,30.0
2021-03-08,55.0,1,3,2021,1,25,0.0,6638,0.0
2021-03-09,51.0,1,3,2021,1,26,0.008221225710014948,6690,55.0
2021-03-10,45.0,1,3,2021,1,27,0.0075577949021932425,6748,51.0
2021-03-11,68.0,1,3,2021,1,28,0.006558810668998688,6861,45.0
2021-03-12,99.0,1,3,2021,1,29,0.009728183118741058,6990,68.0
2021-03-13,65.0,1,3,2021,2,1,0.014078498293515358,7032,99.0
2021-03-14,0.0,1,3,2021,2,2,0.009154929577464789,7100,65.0
2021-03-15,37.0,1,3,2021,2,3,0.0,7210,0.0
2021-03-16,95.0,1,3,2021,2,4,0.005080324042290265,7283,37.0
2021-03-17,67.0,1,3,2021,2,5,0.013101641152944422,7251,95.0
2021-03-18,99.0,1,3,2021,2,6,0.009134287661895025,7335,67.0
2021-03-19,119.0,1,3,2021,2,7,0.013310029577843507,7438,99.0
2021-03-20,65.0,1,3,2021,2,8,0.015803452855245682,7530,119.0
2021-03-21,0.0,1,3,2021,2,9,0.008513425016371971,7635,65.0
2021-03-22,59.0,1,3,2021,2,10,0.0,7804,0.0
2021-03-23,127.0,1,3,2021,2,11,0.007478767904677399,7889,59.0
2021-03-24,111.0,1,3,2021,2,12,0.016168045830681096,7855,127.0
2021-03-25,264.0,1,3,2021,2,13,0.01403996964330888,7906,111.0
2021-03-26,187.0,1,3,2021,2,14,0.03375527426160337,7821,264.0
2021-03-27,94.0,1,3,2021,2,15,0.024042170223707894,7778,187.0
2021-03-28,0.0,1,3,2021,2,16,0.01200817577925396,7828,94.0
2021-03-29,64.0,1,3,2021,2,17,0.0,7961,0.0
2021-03-30,110.0,1,3,2021,2,18,0.008095117632178092,7906,64.0
2021-03-31,53.0,1,3,2021,2,19,0.013836477987421384,7950,110.0
2021-04-01,30.0,1,4,2021,2,20,0.006596962907642519,8034,53.0
2021-04-02,105.0,1,4,2021,2,21,0.003678273663560569,8156,30.0
2021-04-03,152.0,1,4,2021,2,22,0.012911952779144122,8132,105.0
2021-04-04,0.0,1,4,2021,2,23,0.01888198757763975,8050,152.0
2021-04-05,1.0,1,4,2021,2,24,0.0,8050,0.0
2021-04-06,93.0,1,4,2021,2,25,0.00012265423770391266,8153,1.0
2021-04-07,44.0,1,4,2021,2,26,0.011448972054659608,8123,93.0
2021-04-08,126.0,1,4,2021,2,27,0.005375687232742822,8185,44.0
2021-04-09,194.0,1,4,2021,2,28,0.015377105198926043,8194,126.0
2021-04-10,102.0,1,4,2021,2,29,0.023900455833436,8117,194.0
2021-04-11,0.0,1,4,2021,2,30,0.012466389635785871,8182,102.0
2021-04-12,74.0,1,4,2021,3,1,0.0,8339,0.0
2021-04-13,107.0,1,4,2021,3,2,0.00884215557414267,8369,74.0
2021-04-14,91.0,1,4,2021,3,3,0.012876052948255114,8310,107.0
2021-04-15,122.0,1,4,2021,3,4,0.010898203592814371,8350,91.0
2021-04-16,103.0,1,4,2021,3,5,0.014563686283872508,8377,122.0
2021-04-17,67.0,1,4,2021,3,6,0.012273593898951383,8392,103.0
2021-04-18,0.0,1,4,2021,3,7,0.007955355022559962,8422,67.0
2021-04-19,60.0,1,4,2021,3,8,0.0,8534,0.0
2021-04-20,109.0,1,4,2021,3,9,0.007051357386296862,8509,60.0
2021-04-21,76.0,1,4,2021,3,10,0.012914691943127962,8440,109.0
2021-04-22,120.0,1,4,2021,3,11,0.009026128266033254,8420,76.0
2021-04-23,94.0,1,4,2021,3,12,0.014359219815723346,8357,120.0
2021-04-24,55.0,1,4,2021,3,13,0.01128180508881421,8332,94.0
2021-04-25,0.0,1,4,2021,3,14,0.006591562799616491,8344,55.0
2021-04-26,79.0,1,4,2021,3,15,0.0,8387,0.0
2021-04-27,59.0,1,4,2021,3,16,0.009482655143440164,8331,79.0
2021-04-28,54.0,1,4,2021,3,17,0.007108433734939759,8300,59.0
2021-04-29,119.0,1,4,2021,3,18,0.0065099457504520794,8295,54.0
2021-04-30,97.0,1,4,2021,3,19,0.01447512468069578,8221,119.0
2021-05-01,0.0,1,5,2021,3,20,0.011891626823587104,8157,97.0
2021-05-02,0.0,1,5,2021,3,21,0.0,8165,0.0
2021-05-03,0.0,1,5,2021,3,22,0.0,8165,0.0
2021-05-04,24.0,1,5,2021,3,23,0.0,8165,0.0
2021-05-05,43.0,1,5,2021,3,24,0.0029182879377431907,8224,24.0
2021-05-06,46.0,1,5,2021,3,25,0.005237515225334957,8210,43.0
2021-05-07,82.0,1,5,2021,3,26,0.005606337599024984,8205,46.0
2021-05-08,50.0,1,5,2021,3,27,0.010042865890998162,8165,82.0
2021-05-09,0.0,1,5,2021,3,28,0.006136475208640157,8148,50.0
2021-05-10,70.0,1,5,2021,3,29,0.0,8184,0.0
2021-05-11,37.0,1,5,2021,3,30,0.00859106529209622,8148,70.0
2021-05-12,22.0,1,5,2021,4,1,0.004547689282202556,8136,37.0
2021-05-13,59.0,1,5,2021,4,2,0.002698393229486079,8153,22.0
2021-05-14,39.0,1,5,2021,4,3,0.007233051366924114,8157,59.0
2021-05-15,22.0,1,5,2021,4,4,0.004775315293253337,8167,39.0
2021-05-16,0.0,1,5,2021,4,5,0.0026865307119306385,8189,22.0
2021-05-17,38.0,1,5,2021,4,6,0.0,8241,0.0
2021-05-18,36.0,1,5,2021,4,7,0.004604386283775597,8253,38.0
2021-05-19,25.0,1,5,2021,4,8,0.004362050163576881,8253,36.0
2021-05-20,63.0,1,5,2021,4,9,0.0030193236714975845,8280,25.0
2021-05-21,67.0,1,5,2021,4,10,0.007616974972796518,8271,63.0
2021-05-22,27.0,1,5,2021,4,11,0.008130081300813009,8241,67.0
2021-05-23,0.0,1,5,2021,4,12,0.003269952767348916,8257,27.0
2021-05-24,49.0,1,5,2021,4,13,0.0,8297,0.0
2021-05-25,52.0,1,5,2021,4,14,0.00592503022974607,8270,49.0
2021-05-26,45.0,1,5,2021,4,15,0.006296924194720271,8258,52.0
2021-05-27,110.0,1,5,2021,4,16,0.005453223460979157,8252,45.0
2021-05-28,80.0,1,5,2021,4,17,0.013440860215053764,8184,110.0
2021-05-29,72.0,1,5,2021,4,18,0.00981474665685192,8151,80.0
2021-05-30,0.0,1,5,2021,4,19,0.008881213765881336,8107,72.0
2021-05-31,90.0,1,5,2021,4,20,0.0,8139,0.0
2021-06-01,38.0,1,6,2021,4,21,0.011137235490657097,8081,90.0
2021-06-02,13.0,1,6,2021,4,22,0.004666011787819254,8144,38.0
2021-06-03,47.0,1,6,2021,4,23,0.0015909925345734916,8171,13.0
2021-06-04,54.0,1,6,2021,4,24,0.005756276791181874,8165,47.0
2021-06-05,0.0,1,6,2021,4,25,0.006614404703576678,8164,54.0
2021-06-06,56.0,1,6,2021,4,26,0.0,8210,0.0
2021-06-07,77.0,1,6,2021,4,27,0.006867794947265146,8154,56.0
2021-06-08,41.0,1,6,2021,4,28,0.009438587889188527,8158,77.0
2021-06-09,25.0,1,6,2021,4,29,0.005038092897517818,8138,41.0
2021-06-10,72.0,1,6,2021,5,1,0.0030667320902845927,8152,25.0
2021-06-11,58.0,1,6,2021,5,2,0.008856088560885609,8130,72.0
2021-06-12,51.0,1,6,2021,5,3,0.007156959526159921,8104,58.0
2021-06-13,0.0,1,6,2021,5,4,0.00630485844974657,8089,51.0
2021-06-14,0.0,1,6,2021,5,5,0.0,8121,0.0
2021-06-15,15.0,1,6,2021,5,6,0.0,8121,0.0
2021-06-16,22.0,1,6,2021,5,7,0.0018454724409448819,8128,15.0
2021-06-17,13.0,1,6,2021,5,8,0.002708692440285644,8122,22.0
2021-06-18,43.0,1,6,2021,5,9,0.0015964632199435098,8143,13.0
2021-06-19,17.0,1,6,2021,5,10,0.005277368679430535,8148,43.0
2021-06-20,0.0,1,6,2021,5,11,0.002081292850146915,8168,17.0
2021-06-21,29.0,1,6,2021,5,12,0.0,8220,0.0
2021-06-22,39.0,1,6,2021,5,13,0.003524978728576638,8227,29.0
2021-06-23,24.0,1,6,2021,5,14,0.0047520409406604115,8207,39.0
2021-06-24,72.0,1,6,2021,5,15,0.0029221965177158166,8213,24.0
2021-06-25,55.0,1,6,2021,5,16,0.00879872907246731,8183,72.0
2021-06-26,43.0,1,6,2021,5,17,0.006731946144430845,8170,55.0
2021-06-27,0.0,1,6,2021,5,18,0.005276073619631902,8150,43.0
2021-06-28,43.0,1,6,2021,5,19,0.0,8176,0.0
2021-06-29,24.0,1,6,2021,5,20,0.005272192251103482,8156,43.0
2021-06-30,26.0,1,6,2021,5,21,0.0029418975239029173,8158,24.0
2021-07-01,31.0,1,7,2021,5,22,0.0031800391389432484,8176,26.0
2021-07-02,18.0,1,7,2021,5,23,0.003758486905916586,8248,31.0
2021-07-03,14.0,1,7,2021,5,24,0.0021712907117008443,8290,18.0
2021-07-04,0.0,1,7,2021,5,25,0.0016778523489932886,8344,14.0
2021-07-05,28.0,1,7,2021,5,26,0.0,8537,0.0
2021-07-06,16.0,1,7,2021,5,27,0.003252410268323847,8609,28.0
2021-07-07,45.0,1,7,2021,5,28,0.0018248175182481751,8768,16.0
2021-07-08,76.0,1,7,2021,5,29,0.005129374216345605,8773,45.0
2021-07-09,51.0,1,7,2021,5,30,0.008674808811779478,8761,76.0
2021-07-10,17.0,1,7,2021,6,1,0.005799408687741642,8794,51.0
2021-07-11,0.0,1,7,2021,6,2,0.0019241652518392756,8835,17.0
2021-07-12,51.0,1,7,2021,6,3,0.0,8930,0.0
2021-07-13,25.0,1,7,2021,6,4,0.005742596554442068,8881,51.0
2021-07-14,43.0,1,7,2021,6,5,0.002796107817917459,8941,25.0
2021-07-15,71.0,1,7,2021,6,6,0.004796430563301729,8965,43.0
2021-07-16,38.0,1,7,2021,6,7,0.00791174504123022,8974,71.0
2021-07-17,19.0,1,7,2021,6,8,0.004158004158004158,9139,38.0
2021-07-18,0.0,1,7,2021,6,9,0.0020614082673321038,9217,19.0
2021-07-19,56.0,1,7,2021,6,10,0.0,9293,0.0
2021-07-20,61.0,1,7,2021,6,11,0.006060606060606061,9240,56.0
2021-07-21,38.0,1,7,2021,6,12,0.006588184469165137,9259,61.0
2021-07-22,77.0,1,7,2021,6,13,0.004099687129140144,9269,38.0
2021-07-23,80.0,1,7,2021,6,14,0.008336039839774819,9237,77.0
2021-07-24,40.0,1,7,2021,6,15,0.00867396725577361,9223,80.0
2021-07-25,1.0,1,7,2021,6,16,0.004335103500596077,9227,40.0
2021-07-26,37.0,1,7,2021,6,17,0.00010796804145972792,9262,1.0
2021-07-27,44.0,1,7,2021,6,18,0.004009536194191591,9228,37.0
2021-07-28,49.0,1,7,2021,6,19,0.004761904761904762,9240,44.0
2021-07-29,65.0,1,7,2021,6,20,0.005312804944161336,9223,49.0
2021-07-30,55.0,1,7,2021,6,21,0.007069828148792691,9194,65.0
2021-07-31,47.0,1,7,2021,6,22,0.0059978189749182115,9170,55.0
2021-08-01,0.0,1,8,2021,6,23,0.005136612021857924,9150,47.0
2021-08-02,24.0,1,8,2021,6,24,0.0,9206,0.0
2021-08-03,24.0,1,8,2021,6,25,0.00261295590636908,9185,24.0
2021-08-04,9.0,1,8,2021,6,26,0.002606712284131639,9207,24.0
2021-08-05,81.0,1,8,2021,6,27,0.0009745533297238765,9235,9.0
2021-08-06,68.0,1,8,2021,6,28,0.008803390935767852,9201,81.0
2021-08-07,39.0,1,8,2021,6,29,0.007423580786026201,9160,68.0
2021-08-08,0.0,1,8,2021,7,1,0.0042608980662078005,9153,39.0
2021-08-09,67.0,1,8,2021,7,2,0.0,9187,0.0
2021-08-10,47.0,1,8,2021,7,3,0.00732801049983594,9143,67.0
2021-08-11,24.0,1,8,2021,7,4,0.0051569014702655255,9114,47.0
2021-08-12,58.0,1,8,2021,7,5,0.0026324448831852583,9117,24.0
2021-08-13,55.0,1,8,2021,7,6,0.006377130291368884,9095,58.0
2021-08-14,31.0,1,8,2021,7,7,0.006066622545775425,9066,55.0
2021-08-15,0.0,1,8,2021,7,8,0.0034220112595209186,9059,31.0
2021-08-16,73.0,1,8,2021,7,9,0.0,9084,0.0
2021-08-17,43.0,1,8,2021,7,10,0.008093126385809312,9020,73.0
2021-08-18,23.0,1,8,2021,7,11,0.00478202846975089,8992,43.0
2021-08-19,65.0,1,8,2021,7,12,0.002555839537726414,8999,23.0
2021-08-20,68.0,1,8,2021,7,13,0.0072447614801605,8972,65.0
2021-08-21,56.0,1,8,2021,7,14,0.007617340651954744,8927,68.0
2021-08-22,0.0,1,8,2021,7,15,0.006294256490952006,8897,56.0
2021-08-23,126.0,1,8,2021,7,16,0.0,8911,0.0
2021-08-24,60.0,1,8,2021,7,17,0.014339364970979856,8787,126.0
2021-08-25,55.0,1,8,2021,7,18,0.006850097043041443,8759,60.0
2021-08-26,142.0,1,8,2021,7,19,0.006297229219143577,8734,55.0
2021-08-27,65.0,1,8,2021,7,20,0.0164771408679508,8618,142.0
2021-08-28,55.0,1,8,2021,7,21,0.007573992076439058,8582,65.0
2021-08-29,0.0,1,8,2021,7,22,0.006427486268552063,8557,55.0
2021-08-30,64.0,1,8,2021,7,23,0.0,8578,0.0
2021-08-31,66.0,1,8,2021,7,24,0.007516147974163241,8515,64.0
2021-09-01,36.0,1,9,2021,7,25,0.007775683317624882,8488,66.0
2021-09-02,36.0,1,9,2021,7,26,0.004220893422441084,8529,36.0
2021-09-03,38.0,1,9,2021,7,27,0.004213976354910453,8543,36.0
2021-09-04,39.0,1,9,2021,7,28,0.004448086152405478,8543,38.0
2021-09-05,0.0,1,9,2021,7,29,0.004562470753392607,8548,39.0
2021-09-06,152.0,1,9,2021,7,30,0.0,8608,0.0
2021-09-07,33.0,1,9,2021,8,1,0.017962656582368234,8462,152.0
2021-09-08,21.0,1,9,2021,8,2,0.0038873836729885736,8489,33.0
2021-09-09,82.0,1,9,2021,8,3,0.0024673951357067326,8511,21.0
2021-09-10,41.0,1,9,2021,8,4,0.009690380524698653,8462,82.0
2021-09-11,24.0,1,9,2021,8,5,0.004844045368620038,8464,41.0
2021-09-12,0.0,1,9,2021,8,6,0.0028308563340410475,8478,24.0
2021-09-13,27.0,1,9,2021,8,7,0.0,8510,0.0
2021-09-14,21.0,1,9,2021,8,8,0.003182086034177961,8485,27.0
2021-09-15,32.0,1,9,2021,8,9,0.0024676850763807284,8510,21.0
2021-09-16,38.0,1,9,2021,8,10,0.0037501464900972694,8533,32.0
2021-09-17,30.0,1,9,2021,8,11,0.004456432508502404,8527,38.0
2021-09-18,8.0,1,9,2021,8,12,0.0035244360902255637,8512,30.0
2021-09-19,0.0,1,9,2021,8,13,0.0009372071227741331,8536,8.0
2021-09-20,21.0,1,9,2021,8,14,0.0,8566,0.0
2021-09-21,0.0,1,9,2021,8,15,0.0024575775307197193,8545,21.0
2021-09-22,31.0,1,9,2021,8,16,0.0,8545,0.0
2021-09-23,38.0,1,9,2021,8,17,0.003625730994152047,8550,31.0
2021-09-24,20.0,1,9,2021,8,18,0.004454342984409799,8531,38.0
2021-09-25,37.0,1,9,2021,8,19,0.002340276152586005,8546,20.0
2021-09-26,0.0,1,9,2021,8,20,0.004335598781345208,8534,37.0
2021-09-27,87.0,1,9,2021,8,21,0.0,8563,0.0
2021-09-28,72.0,1,9,2021,8,22,0.010261854210898797,8478,87.0
2021-09-29,62.0,1,9,2021,8,23,0.00852575488454707,8445,72.0
2021-09-30,119.0,1,9,2021,8,24,0.0073686712621820775,8414,62.0
2021-10-01,0.0,1,10,2021,8,25,0.014270296198584963,8339,119.0
2021-10-02,0.0,1,10,2021,8,26,0.0,8375,0.0
2021-10-03,0.0,1,10,2021,8,27,0.0,8375,0.0
2021-10-04,0.0,1,10,2021,8,28,0.0,8375,0.0
2021-10-05,0.0,1,10,2021,8,29,0.0,8375,0.0
2021-10-06,57.0,1,10,2021,9,1,0.0,8375,0.0
2021-10-07,23.0,1,10,2021,9,2,0.0068304373876572795,8345,57.0
2021-10-08,32.0,1,10,2021,9,3,0.0027364663890541343,8405,23.0
2021-10-09,69.0,1,10,2021,9,4,0.0037968675842429997,8428,32.0
2021-10-10,0.0,1,10,2021,9,5,0.008218199142448784,8396,69.0
2021-10-11,62.0,1,10,2021,9,6,0.0,8419,0.0
2021-10-12,28.0,1,10,2021,9,7,0.007413607557096736,8363,62.0
2021-10-13,34.0,1,10,2021,9,8,0.003320683111954459,8432,28.0
2021-10-14,42.0,1,10,2021,9,9,0.0040227165168007575,8452,34.0
2021-10-15,41.0,1,10,2021,9,10,0.004974535117849106,8443,42.0
2021-10-16,31.0,1,10,2021,9,11,0.004867624361866318,8423,41.0
2021-10-17,0.0,1,10,2021,9,12,0.003667770941788926,8452,31.0
2021-10-18,39.0,1,10,2021,9,13,0.0,8484,0.0
2021-10-19,30.0,1,10,2021,9,14,0.004616477272727273,8448,39.0
2021-10-20,19.0,1,10,2021,9,15,0.0035490358452620373,8453,30.0
2021-10-21,28.0,1,10,2021,9,16,0.002241623407267579,8476,19.0
2021-10-22,53.0,1,10,2021,9,17,0.003297220913801225,8492,28.0
2021-10-23,17.0,1,10,2021,9,18,0.006260335459484999,8466,53.0
2021-10-24,0.0,1,10,2021,9,19,0.002005663048607834,8476,17.0
2021-10-25,59.0,1,10,2021,9,20,0.0,8489,0.0
2021-10-26,38.0,1,10,2021,9,21,0.0069988137603795965,8430,59.0
2021-10-27,39.0,1,10,2021,9,22,0.004512528203301271,8421,38.0
2021-10-28,62.0,1,10,2021,9,23,0.0046351319229855,8414,39.0
2021-10-29,37.0,1,10,2021,9,24,0.007394156231365533,8385,62.0
2021-10-30,32.0,1,10,2021,9,25,0.004421077787071335,8369,37.0
2021-10-31,0.0,1,10,2021,9,26,0.0038240917782026767,8368,32.0
2021-11-01,20.0,1,11,2021,9,27,0.0,8391,0.0
2021-11-02,14.0,1,11,2021,9,28,0.002376425855513308,8416,20.0
2021-11-03,31.0,1,11,2021,9,29,0.001658374792703151,8442,14.0
2021-11-04,30.0,1,11,2021,9,30,0.003659544327706292,8471,31.0
2021-11-05,31.0,1,11,2021,10,1,0.003544842254519674,8463,30.0
2021-11-06,23.0,1,11,2021,10,2,0.003663003663003663,8463,31.0
2021-11-07,0.0,1,11,2021,10,3,0.0027141845645503896,8474,23.0
2021-11-08,46.0,1,11,2021,10,4,0.0,8496,0.0
2021-11-09,25.0,1,11,2021,10,5,0.005442498816848084,8452,46.0
2021-11-10,22.0,1,11,2021,10,6,0.002955781508630882,8458,25.0
2021-11-11,48.0,1,11,2021,10,7,0.002596482945827924,8473,22.0
2021-11-12,30.0,1,11,2021,10,8,0.005679129200189304,8452,48.0
2021-11-13,21.0,1,11,2021,10,9,0.0035456801796477956,8461,30.0
2021-11-14,0.0,1,11,2021,10,10,0.002482856467249941,8458,21.0
2021-11-15,28.0,1,11,2021,10,11,0.0,8476,0.0
2021-11-16,25.0,1,11,2021,10,12,0.0033143939393939395,8448,28.0
2021-11-17,20.0,1,11,2021,10,13,0.0029624363076193863,8439,25.0
2021-11-18,26.0,1,11,2021,10,14,0.0023688262465948124,8443,20.0
2021-11-19,28.0,1,11,2021,10,15,0.0030812988859919414,8438,26.0
2021-11-20,10.0,1,11,2021,10,16,0.003323047709470686,8426,28.0
2021-11-21,0.0,1,11,2021,10,17,0.0011855364552459987,8435,10.0
2021-11-22,26.0,1,11,2021,10,18,0.0,8445,0.0
2021-11-23,28.0,1,11,2021,10,19,0.0030875192969956064,8421,26.0
2021-11-24,19.0,1,11,2021,10,20,0.0033277870216306157,8414,28.0
2021-11-25,77.0,1,11,2021,10,21,0.002257336343115124,8417,19.0
2021-11-26,41.0,1,11,2021,10,22,0.009220452640402346,8351,77.0
2021-11-27,18.0,1,11,2021,10,23,0.004907241172950329,8355,41.0
2021-11-28,0.0,1,11,2021,10,24,0.002153882972358502,8357,18.0
2021-11-29,35.0,1,11,2021,10,25,0.0,8370,0.0
2021-11-30,28.0,1,11,2021,10,26,0.004199160167966407,8335,35.0
2021-12-01,26.0,1,12,2021,10,27,0.0033653846153846156,8320,28.0
2021-12-02,18.0,1,12,2021,10,28,0.003108932201363147,8363,26.0
2021-12-03,20.0,1,12,2021,10,29,0.002149767108563239,8373,18.0
2021-12-04,21.0,1,12,2021,11,1,0.0023883448770002386,8374,20.0
2021-12-05,0.0,1,12,2021,11,2,0.002506265664160401,8379,21.0
2021-12-06,49.0,1,12,2021,11,3,0.0,8394,0.0
2021-12-07,17.0,1,12,2021,11,4,0.005870372588954115,8347,49.0
2021-12-08,41.0,1,12,2021,11,5,0.002037392138063279,8344,17.0
2021-12-09,30.0,1,12,2021,11,6,0.0049261083743842365,8323,41.0
2021-12-10,37.0,1,12,2021,11,7,0.0036127167630057803,8304,30.0
2021-12-11,16.0,1,12,2021,11,8,0.004469138784877401,8279,37.0
2021-12-12,0.0,1,12,2021,11,9,0.0019351717464925011,8268,16.0
2021-12-13,29.0,1,12,2021,11,10,0.0,8276,0.0
2021-12-14,22.0,1,12,2021,11,11,0.003516430217048624,8247,29.0
2021-12-15,21.0,1,12,2021,11,12,0.0026715239829993927,8235,22.0
2021-12-16,24.0,1,12,2021,11,13,0.002553501945525292,8224,21.0
2021-12-17,24.0,1,12,2021,11,14,0.002924689251767,8206,24.0
2021-12-18,18.0,1,12,2021,11,15,0.002930760776651606,8189,24.0
2021-12-19,0.0,1,12,2021,11,16,0.002199951112197507,8182,18.0
2021-12-20,29.0,1,12,2021,11,17,0.0,8190,0.0
2021-12-21,14.0,1,12,2021,11,18,0.0035534860923906383,8161,29.0
2021-12-22,35.0,1,12,2021,11,19,0.0017165277096615988,8156,14.0
2021-12-23,54.0,1,12,2021,11,20,0.004306102362204725,8128,35.0
2021-12-24,61.0,1,12,2021,11,21,0.0066815144766146995,8082,54.0
2021-12-25,33.0,1,12,2021,11,22,0.007594621513944223,8032,61.0
2021-12-26,0.0,1,12,2021,11,23,0.004122938530734633,8004,33.0
2021-12-27,221.0,1,12,2021,11,24,0.0,8010,0.0
2021-12-28,69.0,1,12,2021,11,25,0.0283733470278598,7789,221.0
2021-12-29,66.0,1,12,2021,11,26,0.00892972693153876,7727,69.0
2021-12-30,259.0,1,12,2021,11,27,0.008600469116497263,7674,66.0
2021-12-31,28.0,1,12,2021,11,28,0.03485399004171713,7431,259.0
2022-01-01,0.0,1,1,2021,11,29,0.0037654653039268424,7436,28.0
2022-01-02,0.0,1,1,2021,11,30,0.0,7453,0.0
2022-01-03,0.0,1,1,2021,12,1,0.0,7453,0.0
2022-01-04,16.0,1,1,2021,12,2,0.0,7465,0.0
2022-01-05,36.0,1,1,2021,12,3,0.0021479393207141898,7449,16.0
2022-01-06,46.0,1,1,2021,12,4,0.004843918191603875,7432,36.0
2022-01-07,78.0,1,1,2021,12,5,0.006217056358967428,7399,46.0
2022-01-08,48.0,1,1,2021,12,6,0.010638297872340425,7332,78.0
2022-01-09,0.0,1,1,2021,12,7,0.006587072869493619,7287,48.0
2022-01-10,113.0,1,1,2021,12,8,0.0,7288,0.0
2022-01-11,24.0,1,1,2021,12,9,0.015744740142120663,7177,113.0
2022-01-12,52.0,1,1,2021,12,10,0.0033533603465139023,7157,24.0
2022-01-13,74.0,1,1,2021,12,11,0.0073136427566807315,7110,52.0
2022-01-14,76.0,1,1,2021,12,12,0.010514350667803353,7038,74.0
2022-01-15,70.0,1,1,2021,12,13,0.010913268236645606,6964,76.0
2022-01-16,0.0,1,1,2021,12,14,0.010149340292880962,6897,70.0
2022-01-17,63.0,1,1,2021,12,15,0.0,6899,0.0
2022-01-18,43.0,1,1,2021,12,16,0.009215915740198947,6836,63.0
2022-01-19,23.0,1,1,2021,12,17,0.006323529411764706,6800,43.0
2022-01-20,96.0,1,1,2021,12,18,0.0033918301135525734,6781,23.0
2022-01-21,72.0,1,1,2021,12,19,0.014356213548676536,6687,96.0
2022-01-22,46.0,1,1,2021,12,20,0.010874490258269144,6621,72.0
2022-01-23,0.0,1,1,2021,12,21,0.006990881458966565,6580,46.0
2022-01-24,79.0,1,1,2021,12,22,0.0,6580,0.0
2022-01-25,31.0,1,1,2021,12,23,0.012151976618981696,6501,79.0
2022-01-26,57.0,1,1,2021,12,24,0.004791344667697064,6470,31.0
2022-01-27,18.0,1,1,2021,12,25,0.00888819585217527,6413,57.0
2022-01-28,0.0,1,1,2021,12,26,0.0028146989835809225,6395,18.0
2022-01-29,0.0,1,1,2021,12,27,0.0,6395,0.0
2022-01-30,0.0,1,1,2021,12,28,0.0,6395,0.0
2022-01-31,0.0,1,1,2021,12,29,0.0,6395,0.0
2022-02-01,0.0,1,2,2022,1,1,0.0,6395,0.0
2022-02-02,0.0,1,2,2022,1,2,0.0,6401,0.0
2022-02-03,0.0,1,2,2022,1,3,0.0,6401,0.0
2022-02-04,0.0,1,2,2022,1,4,0.0,6401,0.0
2022-02-05,0.0,1,2,2022,1,5,0.0,6401,0.0
2022-02-06,0.0,1,2,2022,1,6,0.0,6401,0.0
2022-02-07,0.0,1,2,2022,1,7,0.0,6401,0.0
2022-02-08,5.0,1,2,2022,1,8,0.0,6401,0.0
2022-02-09,4.0,1,2,2022,1,9,0.0007799095304944627,6411,5.0
2022-02-10,12.0,1,2,2022,1,10,0.0006229559258682448,6421,4.0
2022-02-11,69.0,1,2,2022,1,11,0.0018613308515588647,6447,12.0
2022-02-12,35.0,1,2,2022,1,12,0.010744316412332606,6422,69.0
2022-02-13,0.0,1,2,2022,1,13,0.0054466230936819175,6426,35.0
2022-02-14,26.0,1,2,2022,1,14,0.0,6456,0.0
2022-02-15,15.0,1,2,2022,1,15,0.004041660189647132,6433,26.0
2022-02-16,12.0,1,2,2022,1,16,0.0023105360443622922,6492,15.0
2022-02-17,49.0,1,2,2022,1,17,0.001837953744830755,6529,12.0
2022-02-18,45.0,1,2,2022,1,18,0.007498087222647284,6535,49.0
2022-02-19,13.0,1,2,2022,1,19,0.00686918027782018,6551,45.0
2022-02-20,0.0,1,2,2022,1,20,0.0019726858877086493,6590,13.0
2022-02-21,39.0,1,2,2022,1,21,0.0,6651,0.0
2022-02-22,47.0,1,2,2022,1,22,0.005844447774614117,6673,39.0
2022-02-23,38.0,1,2,2022,1,23,0.007033822208919485,6682,47.0
2022-02-24,98.0,1,2,2022,1,24,0.005615486921826511,6767,38.0
2022-02-25,125.0,1,2,2022,1,25,0.014512068710202873,6753,98.0
2022-02-26,98.0,1,2,2022,1,26,0.0186039589224587,6719,125.0
2022-02-27,0.0,1,2,2022,1,27,0.014609421586165773,6708,98.0
2022-02-28,77.0,1,2,2022,1,28,0.0,6789,0.0
2022-03-01,70.0,1,3,2022,1,29,0.011471990464839094,6712,77.0
2022-03-02,31.0,1,3,2022,1,30,0.010304725452671868,6793,70.0
2022-03-03,64.0,1,3,2022,2,1,0.004513686662783925,6868,31.0
2022-03-04,66.0,1,3,2022,2,2,0.009290172739149368,6889,64.0
2022-03-05,17.0,1,3,2022,2,3,0.009611183923110528,6867,66.0
2022-03-06,0.0,1,3,2022,2,4,0.002451687337755985,6934,17.0
2022-03-07,35.0,1,3,2022,2,5,0.0,7015,0.0
2022-03-08,41.0,1,3,2022,2,6,0.005011454753722795,6984,35.0
2022-03-09,28.0,1,3,2022,2,7,0.005828831390389536,7034,41.0
2022-03-10,51.0,1,3,2022,2,8,0.00395703787450537,7076,28.0
2022-03-11,28.0,1,3,2022,2,9,0.007194244604316547,7089,51.0
2022-03-12,12.0,1,3,2022,2,10,0.003932032017975004,7121,28.0
2022-03-13,0.0,1,3,2022,2,11,0.0016745743790120011,7166,12.0
2022-03-14,21.0,1,3,2022,2,12,0.0,7221,0.0
2022-03-15,29.0,1,3,2022,2,13,0.002916261630329121,7201,21.0
2022-03-16,38.0,1,3,2022,2,14,0.004008847110865358,7234,29.0
2022-03-17,42.0,1,3,2022,2,15,0.005219063315478643,7281,38.0
2022-03-18,32.0,1,3,2022,2,16,0.005751061207722854,7303,42.0
2022-03-19,28.0,1,3,2022,2,17,0.0043614556358184545,7337,32.0
2022-03-20,0.0,1,3,2022,2,18,0.0038308934190723763,7309,28.0
2022-03-21,27.0,1,3,2022,2,19,0.0,7345,0.0
2022-03-22,28.0,1,3,2022,2,20,0.0036895326591965018,7318,27.0
2022-03-23,31.0,1,3,2022,2,21,0.003838245373543523,7295,28.0
2022-03-24,65.0,1,3,2022,2,22,0.0042361300901885765,7318,31.0
2022-03-25,26.0,1,3,2022,2,23,0.0088231301751052,7367,65.0
2022-03-26,27.0,1,3,2022,2,24,0.003507351949278295,7413,26.0
2022-03-27,0.0,1,3,2022,2,25,0.003625621055458574,7447,27.0
2022-03-28,48.0,1,3,2022,2,26,0.0,7514,0.0
2022-03-29,53.0,1,3,2022,2,27,0.006429145459416019,7466,48.0
2022-03-30,42.0,1,3,2022,2,28,0.007001321003963012,7570,53.0
2022-03-31,56.0,1,3,2022,2,29,0.005486610058785108,7655,42.0
2022-04-01,68.0,1,4,2022,3,1,0.0072567059738240245,7717,56.0
2022-04-02,48.0,1,4,2022,3,2,0.008685655894750288,7829,68.0
2022-04-03,0.0,1,4,2022,3,3,0.006007509386733416,7990,48.0
2022-04-04,62.0,1,4,2022,3,4,0.0,8224,0.0
2022-04-05,0.0,1,4,2022,3,5,0.007595246845522479,8163,62.0
2022-04-06,64.0,1,4,2022,3,6,0.0,8163,0.0
2022-04-07,81.0,1,4,2022,3,7,0.007582938388625593,8440,64.0
2022-04-08,154.0,1,4,2022,3,8,0.009537265983751325,8493,81.0
2022-04-09,95.0,1,4,2022,3,9,0.01811764705882353,8500,154.0
2022-04-10,0.0,1,4,2022,3,10,0.011081301761343754,8573,95.0
2022-04-11,167.0,1,4,2022,3,11,0.0,8732,0.0
2022-04-12,159.0,1,4,2022,3,12,0.019495680597711885,8566,167.0
2022-04-13,123.0,1,4,2022,3,13,0.01842837273991655,8628,159.0
2022-04-14,155.0,1,4,2022,3,14,0.014107122376419314,8719,123.0
2022-04-15,126.0,1,4,2022,3,15,0.017661804922515952,8776,155.0
2022-04-16,50.0,1,4,2022,3,16,0.014163669064748202,8896,126.0
2022-04-17,0.0,1,4,2022,3,17,0.005531585352361987,9039,50.0
2022-04-18,100.0,1,4,2022,3,18,0.0,9230,0.0
2022-04-19,118.0,1,4,2022,3,19,0.010951702989814916,9131,100.0
2022-04-20,143.0,1,4,2022,3,20,0.012734729117202677,9266,118.0
2022-04-21,257.0,1,4,2022,3,21,0.015466147523253298,9246,143.0
2022-04-22,180.0,1,4,2022,3,22,0.028285274047985913,9086,257.0
2022-04-23,104.0,1,4,2022,3,23,0.019962293445713652,9017,180.0
2022-04-24,0.0,1,4,2022,3,24,0.011476495254910615,9062,104.0
2022-04-25,109.0,1,4,2022,3,25,0.0,9228,0.0
2022-04-26,126.0,1,4,2022,3,26,0.011953065029060204,9119,109.0
2022-04-27,105.0,1,4,2022,3,27,0.013655576026877642,9227,126.0
2022-04-28,181.0,1,4,2022,3,28,0.011317094201336494,9278,105.0
2022-04-29,224.0,1,4,2022,3,29,0.019582386670994267,9243,181.0
2022-04-30,49.0,1,4,2022,3,30,0.02436371546660866,9194,224.0
2022-05-01,0.0,1,5,2022,4,1,0.0052716514254975795,9295,49.0
2022-05-02,0.0,1,5,2022,4,2,0.0,9301,0.0
2022-05-03,84.0,1,5,2022,4,3,0.0,9301,0.0
2022-05-04,108.0,1,5,2022,4,4,0.00899165061014772,9342,84.0
2022-05-05,82.0,1,5,2022,4,5,0.01162290142057684,9292,108.0
2022-05-06,189.0,1,5,2022,4,6,0.008818152489515002,9299,82.0
2022-05-07,23.0,1,5,2022,4,7,0.020577027762656505,9185,189.0
2022-05-08,0.0,1,5,2022,4,8,0.002490794888455707,9234,23.0
2022-05-09,138.0,1,5,2022,4,9,0.0,9331,0.0
2022-05-10,80.0,1,5,2022,4,10,0.015011421733927988,9193,138.0
2022-05-11,45.0,1,5,2022,4,11,0.008665511265164644,9232,80.0
2022-05-12,106.0,1,5,2022,4,12,0.0048205677557579,9335,45.0
2022-05-13,100.0,1,5,2022,4,13,0.011384384061862313,9311,106.0
2022-05-14,22.0,1,5,2022,4,14,0.010775862068965518,9280,100.0
2022-05-15,0.0,1,5,2022,4,15,0.002369668246445498,9284,22.0
2022-05-16,109.0,1,5,2022,4,16,0.0,9305,0.0
2022-05-17,47.0,1,5,2022,4,17,0.011852979556328838,9196,109.0
2022-05-18,42.0,1,5,2022,4,18,0.00510314875135722,9210,47.0
2022-05-19,78.0,1,5,2022,4,19,0.004509340777324458,9314,42.0
2022-05-20,97.0,1,5,2022,4,20,0.008276740237691002,9424,78.0
2022-05-21,23.0,1,5,2022,4,21,0.01025261600253673,9461,97.0
2022-05-22,0.0,1,5,2022,4,22,0.002411659851106218,9537,23.0
2022-05-23,112.0,1,5,2022,4,23,0.0,9636,0.0
2022-05-24,104.0,1,5,2022,4,24,0.011759764804703907,9524,112.0
2022-05-25,82.0,1,5,2022,4,25,0.010906040268456376,9536,104.0
2022-05-26,161.0,1,5,2022,4,26,0.0085381091211995,9604,82.0
2022-05-27,175.0,1,5,2022,4,27,0.016776075857038657,9597,161.0
2022-05-28,18.0,1,5,2022,4,28,0.01823486506199854,9597,175.0
2022-05-29,0.0,1,5,2022,4,29,0.0018612346189639127,9671,18.0
2022-05-30,158.0,1,5,2022,5,1,0.0,9790,0.0
2022-05-31,117.0,1,5,2022,5,2,0.016403654485049834,9632,158.0
2022-06-01,99.0,1,6,2022,5,3,0.012120584274318865,9653,117.0
2022-06-02,226.0,1,6,2022,5,4,0.010187281333607738,9718,99.0
2022-06-03,0.0,1,6,2022,5,5,0.023549025737209545,9597,226.0
2022-06-04,0.0,1,6,2022,5,6,0.0,9597,0.0
2022-06-05,0.0,1,6,2022,5,7,0.0,9597,0.0
2022-06-06,47.0,1,6,2022,5,8,0.0,9805,0.0
2022-06-07,87.0,1,6,2022,5,9,0.004816560770649723,9758,47.0
2022-06-08,82.0,1,6,2022,5,10,0.008871214438666258,9807,87.0
2022-06-09,166.0,1,6,2022,5,11,0.008336722244814965,9836,82.0
2022-06-10,162.0,1,6,2022,5,12,0.016942233108797715,9798,166.0
2022-06-11,12.0,1,6,2022,5,13,0.016572890025575448,9775,162.0
2022-06-12,0.0,1,6,2022,5,14,0.0012153129430828439,9874,12.0
2022-06-13,116.0,1,6,2022,5,15,0.0,10026,0.0
2022-06-14,59.0,1,6,2022,5,16,0.011704167087074967,9911,116.0
2022-06-15,100.0,1,6,2022,5,17,0.005808229966528845,10158,59.0
2022-06-16,112.0,1,6,2022,5,18,0.009833808634083981,10169,100.0
2022-06-17,142.0,1,6,2022,5,19,0.011011699931176875,10171,112.0
2022-06-18,17.0,1,6,2022,5,20,0.013721132476567784,10349,142.0
2022-06-19,0.0,1,6,2022,5,21,0.0015461573442473852,10995,17.0
2022-06-20,116.0,1,6,2022,5,22,0.0,11220,0.0
2022-06-21,73.0,1,6,2022,5,23,0.010446685878962535,11104,116.0
2022-06-22,120.0,1,6,2022,5,24,0.00633900659951372,11516,73.0
2022-06-23,228.0,1,6,2022,5,25,0.010212765957446808,11750,120.0
2022-06-24,218.0,1,6,2022,5,26,0.01926326461642447,11836,228.0
2022-06-25,31.0,1,6,2022,5,27,0.018504371445547917,11781,218.0
2022-06-26,0.0,1,6,2022,5,28,0.00261338728713539,11862,31.0
2022-06-27,265.0,1,6,2022,5,29,0.0,11968,0.0
2022-06-28,208.0,1,6,2022,5,30,0.02264376655558404,11703,265.0
2022-06-29,163.0,1,6,2022,6,1,0.017814319972593355,11676,208.0
2022-06-30,303.0,1,6,2022,6,2,0.013983014497726688,11657,163.0
2022-07-01,151.0,1,7,2022,6,3,0.026363873662229184,11493,303.0
2022-07-02,14.0,1,7,2022,6,4,0.013035220994475138,11584,151.0
2022-07-03,0.0,1,7,2022,6,5,0.001195151101246372,11714,14.0
2022-07-04,115.0,1,7,2022,6,6,0.0,11812,0.0
2022-07-05,118.0,1,7,2022,6,7,0.009831580747200136,11697,115.0
2022-07-06,94.0,1,7,2022,6,8,0.010058818515045606,11731,118.0
2022-07-07,130.0,1,7,2022,6,9,0.008009543285616906,11736,94.0
2022-07-08,100.0,1,7,2022,6,10,0.011096884336320957,11715,130.0
2022-07-09,16.0,1,7,2022,6,11,0.008492569002123142,11775,100.0
2022-07-10,0.0,1,7,2022,6,12,0.001352265043948614,11832,16.0
2022-07-11,126.0,1,7,2022,6,13,0.0,11888,0.0
2022-07-12,54.0,1,7,2022,6,14,0.010712463866689339,11762,126.0
2022-07-13,44.0,1,7,2022,6,15,0.004593399115345355,11756,54.0
2022-07-14,103.0,1,7,2022,6,16,0.003733242830476837,11786,44.0
2022-07-15,69.0,1,7,2022,6,17,0.00875329310784397,11767,103.0
2022-07-16,10.0,1,7,2022,6,18,0.005843495934959349,11808,69.0
2022-07-17,0.0,1,7,2022,6,19,0.0008412551526878103,11887,10.0
2022-07-18,86.0,1,7,2022,6,20,0.0,12095,0.0
2022-07-19,40.0,1,7,2022,6,21,0.007161295694895495,12009,86.0
2022-07-20,50.0,1,7,2022,6,22,0.0032773453502662844,12205,40.0
2022-07-21,125.0,1,7,2022,6,23,0.004013485310643763,12458,50.0
2022-07-22,122.0,1,7,2022,6,24,0.009953814301640388,12558,125.0
2022-07-23,20.0,1,7,2022,6,25,0.009727316217509168,12542,122.0
2022-07-24,0.0,1,7,2022,6,26,0.0015774114677813708,12679,20.0
2022-07-25,193.0,1,7,2022,6,27,0.0,12842,0.0
2022-07-26,111.0,1,7,2022,6,28,0.015258123171792237,12649,193.0
2022-07-27,111.0,1,7,2022,6,29,0.008786511517454286,12633,111.0
2022-07-28,239.0,1,7,2022,6,30,0.008864398658361285,12522,111.0
2022-07-29,259.0,1,7,2022,7,1,0.019358496679086342,12346,239.0
2022-07-30,23.0,1,7,2022,7,2,0.021330917476527756,12142,259.0
2022-07-31,0.0,1,7,2022,7,3,0.001885091385951971,12201,23.0
2022-08-01,217.0,1,8,2022,7,4,0.0,12240,0.0
2022-08-02,66.0,1,8,2022,7,5,0.017994858611825194,12059,217.0
2022-08-03,41.0,1,8,2022,7,6,0.0054486914884834476,12113,66.0
2022-08-04,152.0,1,8,2022,7,7,0.0033822801517901335,12122,41.0
2022-08-05,144.0,1,8,2022,7,8,0.012656119900083264,12010,152.0
2022-08-06,14.0,1,8,2022,7,9,0.012093726379440665,11907,144.0
2022-08-07,0.0,1,8,2022,7,10,0.001173217128970083,11933,14.0
2022-08-08,175.0,1,8,2022,7,11,0.0,11988,0.0
2022-08-09,65.0,1,8,2022,7,12,0.014814187759248285,11813,175.0
2022-08-10,39.0,1,8,2022,7,13,0.005508941435714891,11799,65.0
2022-08-11,175.0,1,8,2022,7,14,0.003303125264673499,11807,39.0
2022-08-12,142.0,1,8,2022,7,15,0.014990577351379134,11674,175.0
2022-08-13,25.0,1,8,2022,7,16,0.012281612177823906,11562,142.0
2022-08-14,0.0,1,8,2022,7,17,0.002160200466603301,11573,25.0
2022-08-15,312.0,1,8,2022,7,18,0.0,11607,0.0
2022-08-16,105.0,1,8,2022,7,19,0.027569143766015727,11317,312.0
2022-08-17,30.0,1,8,2022,7,20,0.009329187027987561,11255,105.0
2022-08-18,217.0,1,8,2022,7,21,0.0026605179141539555,11276,30.0
2022-08-19,235.0,1,8,2022,7,22,0.019538987934449848,11106,217.0
2022-08-20,33.0,1,8,2022,7,23,0.02153987167736022,10910,235.0
2022-08-21,0.0,1,8,2022,7,24,0.003019765739385066,10928,33.0
2022-08-22,435.0,1,8,2022,7,25,0.0,10968,0.0
2022-08-23,238.0,1,8,2022,7,26,0.04129877527769866,10533,435.0
2022-08-24,84.0,1,8,2022,7,27,0.022984065668759053,10355,238.0
2022-08-25,320.0,1,8,2022,7,28,0.00816326530612245,10290,84.0
2022-08-26,231.0,1,8,2022,7,29,0.032003200320032,9999,320.0
2022-08-27,37.0,1,8,2022,8,1,0.023564215036213403,9803,231.0
2022-08-28,0.0,1,8,2022,8,2,0.003775510204081633,9800,37.0
2022-08-29,172.0,1,8,2022,8,3,0.0,9833,0.0
2022-08-30,69.0,1,8,2022,8,4,0.01780169737114469,9662,172.0
2022-08-31,90.0,1,8,2022,8,5,0.00715248263708925,9647,69.0
2022-09-01,149.0,1,9,2022,8,6,0.00937207122774133,9603,90.0
2022-09-02,116.0,1,9,2022,8,7,0.015587404540223873,9559,149.0
2022-09-03,11.0,1,9,2022,8,8,0.012232415902140673,9483,116.0
2022-09-04,0.0,1,9,2022,8,9,0.0011587485515643105,9493,11.0
2022-09-05,115.0,1,9,2022,8,10,0.0,9532,0.0
2022-09-06,53.0,1,9,2022,8,11,0.012211957098863756,9417,115.0
2022-09-07,16.0,1,9,2022,8,12,0.0056245357104955955,9423,53.0
2022-09-08,97.0,1,9,2022,8,13,0.0016918684572274506,9457,16.0
2022-09-09,89.0,1,9,2022,8,14,0.010321344967014258,9398,97.0
2022-09-10,0.0,1,9,2022,8,15,0.009521771691451802,9347,89.0
2022-09-11,0.0,1,9,2022,8,16,0.0,9347,0.0
2022-09-12,0.0,1,9,2022,8,17,0.0,9347,0.0
2022-09-13,16.0,1,9,2022,8,18,0.0,9402,0.0
2022-09-14,22.0,1,9,2022,8,19,0.0017010418881564958,9406,16.0
2022-09-15,50.0,1,9,2022,8,20,0.0023263191286877444,9457,22.0
2022-09-16,54.0,1,9,2022,8,21,0.005283178360101437,9464,50.0
2022-09-17,6.0,1,9,2022,8,22,0.0057112638815441565,9455,54.0
2022-09-18,0.0,1,9,2022,8,23,0.0006327111673521037,9483,6.0
2022-09-19,48.0,1,9,2022,8,24,0.0,9483,0.0
2022-09-20,34.0,1,9,2022,8,25,0.0050325015726567415,9538,48.0
2022-09-21,60.0,1,9,2022,8,26,0.0035744322960470985,9512,34.0
2022-09-22,59.0,1,9,2022,8,27,0.006299212598425197,9525,60.0
2022-09-23,76.0,1,9,2022,8,28,0.0061747776033490315,9555,59.0
2022-09-24,16.0,1,9,2022,8,29,0.007995791688584955,9505,76.0
2022-09-25,0.0,1,9,2022,8,30,0.001679613688851564,9526,16.0
2022-09-26,70.0,1,9,2022,9,1,0.0,9544,0.0
2022-09-27,54.0,1,9,2022,9,2,0.007388642600802195,9474,70.0
2022-09-28,31.0,1,9,2022,9,3,0.005731875597070375,9421,54.0
2022-09-29,111.0,1,9,2022,9,4,0.0032915693353153534,9418,31.0
2022-09-30,90.0,1,9,2022,9,5,0.011908593498551657,9321,111.0
2022-10-01,0.0,1,10,2022,9,6,0.009749756256093598,9231,90.0
2022-10-02,0.0,1,10,2022,9,7,0.0,9251,0.0
2022-10-03,0.0,1,10,2022,9,8,0.0,9251,0.0
2022-10-04,0.0,1,10,2022,9,9,0.0,9251,0.0
2022-10-05,0.0,1,10,2022,9,10,0.0,9357,0.0
2022-10-06,3.0,1,10,2022,9,11,0.0,9357,0.0
2022-10-07,6.0,1,10,2022,9,12,0.0003204443494979705,9362,3.0
2022-10-08,7.0,1,10,2022,9,13,0.0006408202499198974,9363,6.0
2022-10-09,0.0,1,10,2022,9,14,0.0007481030244736561,9357,7.0
2022-10-10,38.0,1,10,2022,9,15,0.0,9357,0.0
2022-10-11,21.0,1,10,2022,9,16,0.00405939536374319,9361,38.0
2022-10-12,15.0,1,10,2022,9,17,0.0022481533026442566,9341,21.0
2022-10-13,31.0,1,10,2022,9,18,0.0016061676839061998,9339,15.0
2022-10-14,37.0,1,10,2022,9,19,0.0033304684142672967,9308,31.0
2022-10-15,4.0,1,10,2022,9,20,0.003990078723174808,9273,37.0
2022-10-16,0.0,1,10,2022,9,21,0.0004314994606256742,9270,4.0
2022-10-17,33.0,1,10,2022,9,22,0.0,9270,0.0
2022-10-18,14.0,1,10,2022,9,23,0.0035667963683527885,9252,33.0
2022-10-19,17.0,1,10,2022,9,24,0.0015117157974300832,9261,14.0
2022-10-20,20.0,1,10,2022,9,25,0.0018315018315018315,9282,17.0
2022-10-21,29.0,1,10,2022,9,26,0.002159127712404189,9263,20.0
2022-10-22,11.0,1,10,2022,9,27,0.0031392076206971206,9238,29.0
2022-10-23,0.0,1,10,2022,9,28,0.0011918951132300357,9229,11.0
2022-10-24,41.0,1,10,2022,9,29,0.0,9229,0.0
2022-10-25,25.0,1,10,2022,10,1,0.0044565217391304346,9200,41.0
2022-10-26,25.0,1,10,2022,10,2,0.0027236082361913063,9179,25.0
2022-10-27,52.0,1,10,2022,10,3,0.0027289597205545245,9161,25.0
2022-10-28,39.0,1,10,2022,10,4,0.005706134094151213,9113,52.0
2022-10-29,4.0,1,10,2022,10,5,0.004296100462656973,9078,39.0
2022-10-30,0.0,1,10,2022,10,6,0.0004405286343612335,9080,4.0
2022-10-31,25.0,1,10,2022,10,7,0.0,9080,0.0
2022-11-01,19.0,1,11,2022,10,8,0.0027548209366391185,9075,25.0
2022-11-02,7.0,1,11,2022,10,9,0.0020892896415218827,9094,19.0
2022-11-03,21.0,1,11,2022,10,10,0.000766199649737303,9136,7.0
2022-11-04,24.0,1,11,2022,10,11,0.002298598949211909,9136,21.0
2022-11-05,9.0,1,11,2022,10,12,0.00263100197325148,9122,24.0
2022-11-06,0.0,1,11,2022,10,13,0.0009874917709019092,9114,9.0
2022-11-07,55.0,1,11,2022,10,14,0.0,9114,0.0
2022-11-08,8.0,1,11,2022,10,15,0.006049939500604994,9091,55.0
2022-11-09,8.0,1,11,2022,10,16,0.0008804754567466431,9086,8.0
2022-11-10,41.0,1,11,2022,10,17,0.0008805723720418272,9085,8.0
2022-11-11,49.0,1,11,2022,10,18,0.0045278851463279954,9055,41.0
2022-11-12,10.0,1,11,2022,10,19,0.005438401775804662,9010,49.0
2022-11-13,0.0,1,11,2022,10,20,0.0011109876680368848,9001,10.0
2022-11-14,34.0,1,11,2022,10,21,0.0,9001,0.0
2022-11-15,7.0,1,11,2022,10,22,0.003787878787878788,8976,34.0
2022-11-16,5.0,1,11,2022,10,23,0.0007803790412486065,8970,7.0
2022-11-17,14.0,1,11,2022,10,24,0.0005577244841048522,8965,5.0
2022-11-18,16.0,1,11,2022,10,25,0.001563721657544957,8953,14.0
2022-11-19,2.0,1,11,2022,10,26,0.0017897091722595079,8940,16.0
2022-11-20,0.0,1,11,2022,10,27,0.00022363860002236387,8943,2.0
2022-11-21,22.0,1,11,2022,10,28,0.0,8943,0.0
2022-11-22,8.0,1,11,2022,10,29,0.002462778461882906,8933,22.0
2022-11-23,8.0,1,11,2022,10,30,0.0008962581223392337,8926,8.0
2022-11-24,36.0,1,11,2022,11,1,0.0008968609865470852,8920,8.0
2022-11-25,39.0,1,11,2022,11,2,0.004050860807921683,8887,36.0
2022-11-26,4.0,1,11,2022,11,3,0.004403296827368184,8857,39.0
2022-11-27,0.0,1,11,2022,11,4,0.00045177320984865596,8854,4.0
2022-11-28,51.0,1,11,2022,11,5,0.0,8854,0.0
2022-11-29,9.0,1,11,2022,11,6,0.005787562414888788,8812,51.0
2022-11-30,50.0,1,11,2022,11,7,0.001021914386283638,8807,9.0
2022-12-01,58.0,1,12,2022,11,8,0.0057064597123944304,8762,50.0
2022-12-02,17.0,1,12,2022,11,9,0.006656719843911397,8713,58.0
2022-12-03,2.0,1,12,2022,11,10,0.0019537984139754053,8701,17.0
2022-12-04,0.0,1,12,2022,11,11,0.00022985863693828295,8701,2.0
2022-12-05,38.0,1,12,2022,11,12,0.0,8701,0.0
2022-12-06,12.0,1,12,2022,11,13,0.004381413582382105,8673,38.0
2022-12-07,25.0,1,12,2022,11,14,0.0013852014313748124,8663,12.0
2022-12-08,32.0,1,12,2022,11,15,0.0028935185185185184,8640,25.0
2022-12-09,33.0,1,12,2022,11,16,0.0037157454714352067,8612,32.0
2022-12-10,9.0,1,12,2022,11,17,0.0038430185163619425,8587,33.0
2022-12-11,0.0,1,12,2022,11,18,0.001049195616693868,8578,9.0
2022-12-12,35.0,1,12,2022,11,19,0.0,8578,0.0
2022-12-13,23.0,1,12,2022,11,20,0.004084967320261438,8568,35.0
2022-12-14,82.0,1,12,2022,11,21,0.0026916325336454067,8545,23.0
2022-12-15,70.0,1,12,2022,11,22,0.009686946249261665,8465,82.0
2022-12-16,24.0,1,12,2022,11,23,0.008337303477846593,8396,70.0
2022-12-17,16.0,1,12,2022,11,24,0.002863961813842482,8380,24.0
2022-12-18,0.0,1,12,2022,11,25,0.001912960306073649,8364,16.0
2022-12-19,67.0,1,12,2022,11,26,0.0,8364,0.0
2022-12-20,13.0,1,12,2022,11,27,0.00806840077071291,8304,67.0
2022-12-21,48.0,1,12,2022,11,28,0.0015675871216688773,8293,13.0
2022-12-22,45.0,1,12,2022,11,29,0.005818181818181818,8250,48.0
2022-12-23,106.0,1,12,2022,12,1,0.005483792347063124,8206,45.0
2022-12-24,14.0,1,12,2022,12,2,0.013079960513326752,8104,106.0
2022-12-25,0.0,1,12,2022,12,3,0.0017303176368804844,8091,14.0
2022-12-26,141.0,1,12,2022,12,4,0.0,8091,0.0
2022-12-27,85.0,1,12,2022,12,5,0.017735849056603775,7950,141.0
2022-12-28,140.0,1,12,2022,12,6,0.010804626922588026,7867,85.0
2022-12-29,153.0,1,12,2022,12,7,0.01809954751131222,7735,140.0
2022-12-30,253.0,1,12,2022,12,8,0.020168731874505668,7586,153.0
2022-12-31,0.0,1,12,2022,12,9,0.034487459105779716,7336,253.0
2023-01-01,0.0,0,1,2022,12,10,0.0,7336,0.0
2023-01-02,0.0,0,1,2022,12,11,0.0,7337,0.0
2023-01-03,25.0,0,1,2022,12,12,0.0,7342,0.0
2023-01-04,14.0,0,1,2022,12,13,0.0034167008336750035,7317,25.0
2023-01-05,93.0,0,1,2022,12,14,0.0019167579408543264,7304,14.0
2023-01-06,124.0,0,1,2022,12,15,0.012896962973235336,7211,93.0
2023-01-07,17.0,0,1,2022,12,16,0.0174968251728517,7087,124.0
2023-01-08,0.0,0,1,2022,12,17,0.002403846153846154,7072,17.0
2023-01-09,143.0,0,1,2022,12,18,0.0,7072,0.0
2023-01-10,71.0,0,1,2022,12,19,0.02063194344250469,6931,143.0
2023-01-11,15.0,0,1,2022,12,20,0.010349854227405248,6860,71.0
2023-01-12,124.0,0,1,2022,12,21,0.002191380569758948,6845,15.0
2023-01-13,138.0,0,1,2022,12,22,0.018449635470912065,6721,124.0
2023-01-14,0.0,0,1,2022,12,23,0.02096308673856904,6583,138.0
2023-01-15,0.0,0,1,2022,12,24,0.0,6583,0.0
2023-01-16,0.0,0,1,2022,12,25,0.0,6583,0.0
2023-01-17,0.0,0,1,2022,12,26,0.0,6583,0.0
2023-01-18,0.0,0,1,2022,12,27,0.0,6583,0.0
2023-01-19,0.0,0,1,2022,12,28,0.0,6583,0.0
2023-01-20,0.0,0,1,2022,12,29,0.0,6583,0.0
2023-01-21,0.0,0,1,2022,12,30,0.0,6583,0.0
2023-01-22,0.0,0,1,2023,1,1,0.0,6583,0.0
2023-01-23,0.0,0,1,2023,1,2,0.0,6583,0.0
2023-01-24,0.0,0,1,2023,1,3,0.0,6583,0.0
2023-01-25,0.0,0,1,2023,1,4,0.0,6583,0.0
2023-01-26,0.0,0,1,2023,1,5,0.0,6583,0.0
2023-01-27,4.0,0,1,2023,1,6,0.0,6583,0.0
2023-01-28,4.0,0,1,2023,1,7,0.0006079951360389116,6579,4.0
2023-01-29,0.0,0,1,2023,1,8,0.0006057852491291837,6603,4.0
2023-01-30,9.0,0,1,2023,1,9,0.0,6626,0.0
2023-01-31,74.0,0,1,2023,1,10,0.0013556258472661546,6639,9.0
2023-02-01,45.0,0,2,2023,1,11,0.011116118371638877,6657,74.0
2023-02-02,45.0,0,2,2023,1,12,0.006696428571428571,6720,45.0
2023-02-03,79.0,0,2,2023,1,13,0.006633254716981132,6784,45.0
2023-02-04,33.0,0,2,2023,1,14,0.01153116333381988,6851,79.0
2023-02-05,0.0,0,2,2023,1,15,0.004725762566232279,6983,33.0
2023-02-06,165.0,0,2,2023,1,16,0.0,7209,0.0
2023-02-07,74.0,0,2,2023,1,17,0.02284369375605704,7223,165.0
2023-02-08,71.0,0,2,2023,1,18,0.01017042330951072,7276,74.0
2023-02-09,205.0,0,2,2023,1,19,0.009525087201502549,7454,71.0
2023-02-10,122.0,0,2,2023,1,20,0.027073428420496565,7572,205.0
2023-02-11,8.0,0,2,2023,1,21,0.015609007164790174,7816,122.0
2023-02-12,0.0,0,2,2023,1,22,0.000998876264202772,8009,8.0
2023-02-13,96.0,0,2,2023,1,23,0.0,8167,0.0
2023-02-14,89.0,0,2,2023,1,24,0.011894436872754306,8071,96.0
2023-02-15,165.0,0,2,2023,1,25,0.01033081834010447,8615,89.0
2023-02-16,215.0,0,2,2023,1,26,0.018696883852691217,8825,165.0
2023-02-17,181.0,0,2,2023,1,27,0.024346053674555543,8831,215.0
2023-02-18,78.0,0,2,2023,1,28,0.020640894058615578,8769,181.0
2023-02-19,0.0,0,2,2023,1,29,0.008828522920203734,8835,78.0
2023-02-20,268.0,0,2,2023,2,1,0.0,8953,0.0
2023-02-21,125.0,0,2,2023,2,2,0.030857800805987334,8685,268.0
2023-02-22,127.0,0,2,2023,2,3,0.014464244387873177,8642,125.0
2023-02-23,138.0,0,2,2023,2,4,0.014712696941612605,8632,127.0
2023-02-24,61.0,0,2,2023,2,5,0.01616492913201359,8537,138.0
2023-02-25,14.0,0,2,2023,2,6,0.007162987317989667,8516,61.0
2023-02-26,0.0,0,2,2023,2,7,0.0016418435557640435,8527,14.0
2023-02-27,81.0,0,2,2023,2,8,0.0,8558,0.0
2023-02-28,73.0,0,2,2023,2,9,0.009555267193582635,8477,81.0
2023-03-01,51.0,0,3,2023,2,10,0.008623744831659775,8465,73.0
2023-03-02,61.0,0,3,2023,2,11,0.0060198300283286115,8472,51.0
2023-03-03,53.0,0,3,2023,2,12,0.00710541642399534,8585,61.0
2023-03-04,25.0,0,3,2023,2,13,0.006148491879350348,8620,53.0
2023-03-05,0.0,0,3,2023,2,14,0.0028712530148156654,8707,25.0
2023-03-06,74.0,0,3,2023,2,15,0.0,8808,0.0
2023-03-07,54.0,0,3,2023,2,16,0.008472635676665903,8734,74.0
2023-03-08,79.0,0,3,2023,2,17,0.006134969325153374,8802,54.0
2023-03-09,98.0,0,3,2023,2,18,0.008922520894510955,8854,79.0
2023-03-10,60.0,0,3,2023,2,19,0.011078453538322406,8846,98.0
2023-03-11,15.0,0,3,2023,2,20,0.006738544474393531,8904,60.0
2023-03-12,0.0,0,3,2023,2,21,0.0016516185862144902,9082,15.0
2023-03-13,97.0,0,3,2023,2,22,0.0,9166,0.0
2023-03-14,88.0,0,3,2023,2,23,0.01069577682214136,9069,97.0
2023-03-15,75.0,0,3,2023,2,24,0.009617486338797814,9150,88.0
2023-03-16,142.0,0,3,2023,2,25,0.008147745790331342,9205,75.0
2023-03-17,70.0,0,3,2023,2,26,0.01565428287950612,9071,142.0
2023-03-18,18.0,0,3,2023,2,27,0.007763975155279503,9016,70.0
2023-03-19,0.0,0,3,2023,2,28,0.0019942388654996678,9026,18.0
2023-03-20,98.0,0,3,2023,2,29,0.0,9040,0.0
2023-03-21,62.0,0,3,2023,2,30,0.010959516886602549,8942,98.0
2023-03-22,32.0,0,3,2023,2,1,0.006964727027634239,8902,62.0
2023-03-23,89.0,0,3,2023,2,2,0.0035971223021582736,8896,32.0
2023-03-24,59.0,0,3,2023,2,3,0.010089559006915315,8821,89.0
2023-03-25,8.0,0,3,2023,2,4,0.00672211461775094,8777,59.0
2023-03-26,0.0,0,3,2023,2,5,0.0009115770282588879,8776,8.0
2023-03-27,100.0,0,3,2023,2,6,0.0,8786,0.0
2023-03-28,48.0,0,3,2023,2,7,0.011512779184895234,8686,100.0
2023-03-29,25.0,0,3,2023,2,8,0.0055491329479768784,8650,48.0
2023-03-30,66.0,0,3,2023,2,9,0.0028928488775746353,8642,25.0
2023-03-31,176.0,0,3,2023,2,10,0.007686037032723885,8587,66.0
2023-04-01,2.0,0,4,2023,2,11,0.020885249792334165,8427,176.0
2023-04-02,0.0,0,4,2023,2,12,0.00023671440407148776,8449,2.0
2023-04-03,0.0,0,4,2023,2,13,0.0,8457,0.0
2023-04-04,0.0,0,4,2023,2,14,0.0,8457,0.0
2023-04-05,0.0,0,4,2023,2,15,0.0,8457,0.0
2023-04-06,25.0,0,4,2023,2,16,0.0,8457,0.0
2023-04-07,11.0,0,4,2023,2,17,0.0029648956356736244,8432,25.0
2023-04-08,15.0,0,4,2023,2,18,0.0013028544356271468,8443,11.0
2023-04-09,0.0,0,4,2023,2,19,0.0017747278750591575,8452,15.0
2023-04-10,89.0,0,4,2023,2,20,0.0,8472,0.0
2023-04-11,33.0,0,4,2023,2,21,0.010616724323034713,8383,89.0
2023-04-12,18.0,0,4,2023,2,22,0.0039197054281981236,8419,33.0
2023-04-13,47.0,0,4,2023,2,23,0.002129925452609159,8451,18.0
2023-04-14,49.0,0,4,2023,2,24,0.005555555555555556,8460,47.0
2023-04-15,51.0,0,4,2023,2,25,0.0057988165680473375,8450,49.0
2023-04-16,0.0,0,4,2023,2,26,0.0060219624512929506,8469,51.0
2023-04-17,31.0,0,4,2023,2,27,0.0,8564,0.0
2023-04-18,29.0,0,4,2023,2,28,0.00363295441228173,8533,31.0
2023-04-19,34.0,0,4,2023,2,29,0.0033752327746741154,8592,29.0
2023-04-20,78.0,0,4,2023,3,1,0.0039013195639701665,8715,34.0
2023-04-21,103.0,0,4,2023,3,2,0.008834522595990485,8829,78.0
2023-04-22,30.0,0,4,2023,3,3,0.011603019037963276,8877,103.0
2023-04-23,1.0,0,4,2023,3,4,0.003301782962799912,9086,30.0
2023-04-24,181.0,0,4,2023,3,5,0.00010869565217391305,9200,1.0
2023-04-25,87.0,0,4,2023,3,6,0.020068743763166648,9019,181.0
2023-04-26,140.0,0,4,2023,3,7,0.009514435695538058,9144,87.0
2023-04-27,344.0,0,4,2023,3,8,0.015330705212439772,9132,140.0
2023-04-28,306.0,0,4,2023,3,9,0.038328690807799444,8975,344.0
2023-04-29,5.0,0,4,2023,3,10,0.0347845856542003,8797,306.0
2023-04-30,0.0,0,4,2023,3,11,0.0005607895917451772,8916,5.0
2023-05-01,0.0,0,5,2023,3,12,0.0,9018,0.0
2023-05-02,114.0,0,5,2023,3,13,0.0,9035,0.0
2023-05-03,70.0,0,5,2023,3,14,0.012778836453312408,8921,114.0
2023-05-04,93.0,0,5,2023,3,15,0.007847533632286996,8920,70.0
2023-05-05,237.0,0,5,2023,3,16,0.010365581810075792,8972,93.0
2023-05-06,48.0,0,5,2023,3,17,0.026611273298899618,8906,237.0
2023-05-07,10.0,0,5,2023,3,18,0.0053232782521903076,9017,48.0
2023-05-08,127.0,0,5,2023,3,19,0.0010893246187363835,9180,10.0
2023-05-09,89.0,0,5,2023,3,20,0.014028498840163483,9053,127.0
2023-05-10,115.0,0,5,2023,3,21,0.009658166033640803,9215,89.0
2023-05-11,210.0,0,5,2023,3,22,0.012402933563416738,9272,115.0
2023-05-12,148.0,0,5,2023,3,23,0.022779043280182234,9219,210.0
2023-05-13,26.0,0,5,2023,3,24,0.01616426387068589,9156,148.0
2023-05-14,0.0,0,5,2023,3,25,0.0028236316246741965,9208,26.0
2023-05-15,162.0,0,5,2023,3,26,0.0,9277,0.0
2023-05-16,70.0,0,5,2023,3,27,0.01777290181020296,9115,162.0
2023-05-17,63.0,0,5,2023,3,28,0.007646930303692375,9154,70.0
2023-05-18,104.0,0,5,2023,3,29,0.006858262573481384,9186,63.0
2023-05-19,63.0,0,5,2023,4,1,0.011351233355162629,9162,104.0
2023-05-20,23.0,0,5,2023,4,2,0.006865736704446382,9176,63.0
2023-05-21,1.0,0,5,2023,4,3,0.00249025552187094,9236,23.0
2023-05-22,73.0,0,5,2023,4,4,0.00010759629868732516,9294,1.0
2023-05-23,65.0,0,5,2023,4,5,0.007916711853378158,9221,73.0
2023-05-24,64.0,0,5,2023,4,6,0.007021713298044723,9257,65.0
2023-05-25,134.0,0,5,2023,4,7,0.0068958086413102035,9281,64.0
2023-05-26,91.0,0,5,2023,4,8,0.014562051727885243,9202,134.0
2023-05-27,26.0,0,5,2023,4,9,0.009931245225362872,9163,91.0
2023-05-28,0.0,0,5,2023,4,10,0.0028208744710860366,9217,26.0
2023-05-29,118.0,0,5,2023,4,11,0.0,9265,0.0
2023-05-30,50.0,0,5,2023,4,12,0.012763656030286641,9245,118.0
2023-05-31,56.0,0,5,2023,4,13,0.005400151204233718,9259,50.0
2023-06-01,160.0,0,6,2023,4,14,0.005910914080641756,9474,56.0
2023-06-02,102.0,0,6,2023,4,15,0.01666145996042903,9603,160.0
2023-06-03,25.0,0,6,2023,4,16,0.010521972354033423,9694,102.0
2023-06-04,4.0,0,6,2023,4,17,0.0025319019647559245,9874,25.0
2023-06-05,162.0,0,6,2023,4,18,0.0003970223325062035,10075,4.0
2023-06-06,125.0,0,6,2023,4,19,0.01634217693937254,9913,162.0
2023-06-07,113.0,0,6,2023,4,20,0.012483771097573156,10013,125.0
2023-06-08,204.0,0,6,2023,4,21,0.011297740451909618,10002,113.0
2023-06-09,123.0,0,6,2023,4,22,0.020687557042896258,9861,204.0
2023-06-10,22.0,0,6,2023,4,23,0.012534393151941303,9813,123.0
2023-06-11,0.0,0,6,2023,4,24,0.002231463637285729,9859,22.0
2023-06-12,107.0,0,6,2023,4,25,0.0,9931,0.0
2023-06-13,59.0,0,6,2023,4,26,0.010891693811074918,9824,107.0
2023-06-14,57.0,0,6,2023,4,27,0.00595718901453958,9904,59.0
2023-06-15,99.0,0,6,2023,4,28,0.0057200200702458605,9965,57.0
2023-06-16,68.0,0,6,2023,4,29,0.009918845807033363,9981,99.0
2023-06-17,37.0,0,6,2023,4,30,0.0067607874328892426,10058,68.0
2023-06-18,0.0,0,6,2023,5,1,0.003641015548120449,10162,37.0
2023-06-19,70.0,0,6,2023,5,2,0.0,10286,0.0
2023-06-20,38.0,0,6,2023,5,3,0.006851996867658575,10216,70.0
2023-06-21,119.0,0,6,2023,5,4,0.0036605336672767557,10381,38.0
2023-06-22,7.0,0,6,2023,5,5,0.011395192952216795,10443,119.0
2023-06-23,11.0,0,6,2023,5,6,0.0006707550785741664,10436,7.0
2023-06-24,8.0,0,6,2023,5,7,0.0010381275953189883,10596,11.0
2023-06-25,0.0,0,6,2023,5,8,0.0007485029940119761,10688,8.0
2023-06-26,164.0,0,6,2023,5,9,0.0,10868,0.0
2023-06-27,63.0,0,6,2023,5,10,0.015321375186846039,10704,164.0
2023-06-28,94.0,0,6,2023,5,11,0.005809128630705394,10845,63.0
2023-06-29,157.0,0,6,2023,5,12,0.008664393031615817,10849,94.0
2023-06-30,135.0,0,6,2023,5,13,0.014653724099309314,10714,157.0
2023-07-01,31.0,0,7,2023,5,14,0.012723845428840716,10610,135.0
2023-07-02,0.0,0,7,2023,5,15,0.002905886764154481,10668,31.0
2023-07-03,98.0,0,7,2023,5,16,0.0,10699,0.0
2023-07-04,20.0,0,7,2023,5,17,0.009244410904631638,10601,98.0
2023-07-05,39.0,0,7,2023,5,18,0.0018611576400521124,10746,20.0
2023-07-06,91.0,0,7,2023,5,19,0.003613787991104522,10792,39.0
2023-07-07,75.0,0,7,2023,5,20,0.008384005896443707,10854,91.0
2023-07-08,26.0,0,7,2023,5,21,0.006892748828232699,10881,75.0
2023-07-09,1.0,0,7,2023,5,22,0.0023698842402698024,10971,26.0
2023-07-10,88.0,0,7,2023,5,23,9.055510278004166e-05,11043,1.0
2023-07-11,37.0,0,7,2023,5,24,0.008032861706983113,10955,88.0
2023-07-12,64.0,0,7,2023,5,25,0.003327637377462002,11119,37.0
2023-07-13,126.0,0,7,2023,5,26,0.005701051131302334,11226,64.0
2023-07-14,104.0,0,7,2023,5,27,0.011177148939945002,11273,126.0
2023-07-15,28.0,0,7,2023,5,28,0.00917998058081031,11329,104.0
2023-07-16,1.0,0,7,2023,5,29,0.0024602407521307442,11381,28.0
2023-07-17,112.0,0,7,2023,5,30,8.692628650904033e-05,11504,1.0
2023-07-18,125.0,0,7,2023,6,1,0.009443507588532884,11860,112.0
2023-07-19,112.0,0,7,2023,6,2,0.010337413165729408,12092,125.0
2023-07-20,167.0,0,7,2023,6,3,0.009239399439036462,12122,112.0
2023-07-21,156.0,0,7,2023,6,4,0.013838249917136228,12068,167.0
2023-07-22,57.0,0,7,2023,6,5,0.012885107788882464,12107,156.0
2023-07-23,3.0,0,7,2023,6,6,0.004668687034155131,12209,57.0
2023-07-24,179.0,0,7,2023,6,7,0.00024040387851590673,12479,3.0
2023-07-25,119.0,0,7,2023,6,8,0.014552845528455285,12300,179.0
2023-07-26,79.0,0,7,2023,6,9,0.00953372856913956,12482,119.0
2023-07-27,255.0,0,7,2023,6,10,0.006336728964466191,12467,79.0
2023-07-28,152.0,0,7,2023,6,11,0.020636076717649915,12357,255.0
2023-07-29,26.0,0,7,2023,6,12,0.012390967636749002,12267,152.0
2023-07-30,1.0,0,7,2023,6,13,0.002109533468559838,12325,26.0
2023-07-31,166.0,0,7,2023,6,14,8.08996035919424e-05,12361,1.0
2023-08-01,91.0,0,8,2023,6,15,0.013612136121361213,12195,166.0
2023-08-02,95.0,0,8,2023,6,16,0.007420091324200913,12264,91.0
2023-08-03,190.0,0,8,2023,6,17,0.00770666017684757,12327,95.0
2023-08-04,159.0,0,8,2023,6,18,0.015442132639791937,12304,190.0
2023-08-05,61.0,0,8,2023,6,19,0.012875536480686695,12349,159.0
2023-08-06,5.0,0,8,2023,6,20,0.0049027487542195785,12442,61.0
2023-08-07,209.0,0,8,2023,6,21,0.0003976459360585335,12574,5.0
2023-08-08,104.0,0,8,2023,6,22,0.016901180656639172,12366,209.0
2023-08-09,109.0,0,8,2023,6,23,0.008347379404446584,12459,104.0
2023-08-10,256.0,0,8,2023,6,24,0.008731175905158603,12484,109.0
2023-08-11,172.0,0,8,2023,6,25,0.020816392909416167,12298,256.0
2023-08-12,48.0,0,8,2023,6,26,0.014112241549064654,12188,172.0
2023-08-13,0.0,0,8,2023,6,27,0.003935716628402755,12196,48.0
2023-08-14,204.0,0,8,2023,6,28,0.0,12240,0.0
2023-08-15,96.0,0,8,2023,6,29,0.01694915254237288,12036,204.0
2023-08-16,70.0,0,8,2023,7,1,0.007981376787495843,12028,96.0
2023-08-17,204.0,0,8,2023,7,2,0.005832847262728106,12001,70.0
2023-08-18,244.0,0,8,2023,7,3,0.01721228484643942,11852,204.0
2023-08-19,49.0,0,8,2023,7,4,0.020958598179007044,11642,244.0
2023-08-20,0.0,0,8,2023,7,5,0.00420889881463666,11642,49.0
2023-08-21,279.0,0,8,2023,7,6,0.0,11677,0.0
2023-08-22,131.0,0,8,2023,7,7,0.024477978592735566,11398,279.0
2023-08-23,122.0,0,8,2023,7,8,0.01157243816254417,11320,131.0
2023-08-24,275.0,0,8,2023,7,9,0.010857956568173727,11236,122.0
2023-08-25,298.0,0,8,2023,7,10,0.024943310657596373,11025,275.0
2023-08-26,49.0,0,8,2023,7,11,0.027659179506218674,10774,298.0
2023-08-27,0.0,0,8,2023,7,12,0.004557291666666667,10752,49.0
2023-08-28,277.0,0,8,2023,7,13,0.0,10794,0.0
2023-08-29,37.0,0,8,2023,7,14,0.026338309403822383,10517,277.0
2023-08-30,38.0,0,8,2023,7,15,0.00351010340574898,10541,37.0
2023-08-31,184.0,0,8,2023,7,16,0.003601213040181956,10552,38.0
2023-09-01,0.0,0,9,2023,7,17,0.01768550557477893,10404,184.0
2023-09-02,0.0,0,9,2023,7,18,0.0,10477,0.0
2023-09-03,0.0,0,9,2023,7,19,0.0,10477,0.0
2023-09-04,332.0,0,9,2023,7,20,0.0,10483,0.0
2023-09-05,43.0,0,9,2023,7,21,0.03270613732637179,10151,332.0
2023-09-06,23.0,0,9,2023,7,22,0.004213620774130328,10205,43.0
2023-09-07,98.0,0,9,2023,7,23,0.0022480695924152086,10231,23.0
2023-09-08,106.0,0,9,2023,7,24,0.009618215722838355,10189,98.0
2023-09-09,35.0,0,9,2023,7,25,0.010449526813880125,10144,106.0
2023-09-10,0.0,0,9,2023,7,26,0.0034479361639247366,10151,35.0
2023-09-11,46.0,0,9,2023,7,27,0.0,10185,0.0
2023-09-12,19.0,0,9,2023,7,28,0.004536936581516915,10139,46.0
2023-09-13,14.0,0,9,2023,7,29,0.0018640243304228392,10193,19.0
2023-09-14,86.0,0,9,2023,7,30,0.001369997064292005,10219,14.0
2023-09-15,63.0,0,9,2023,8,1,0.00844959717036746,10178,86.0
2023-09-16,16.0,0,9,2023,8,2,0.006213630535555775,10139,63.0
2023-09-17,0.0,0,9,2023,8,3,0.001574493209998032,10162,16.0
2023-09-18,67.0,0,9,2023,8,4,0.0,10180,0.0
2023-09-19,45.0,0,9,2023,8,5,0.006625135963611193,10113,67.0
2023-09-20,27.0,0,9,2023,8,6,0.00445588672145757,10099,45.0
2023-09-21,40.0,0,9,2023,8,7,0.002665613584756639,10129,27.0
2023-09-22,64.0,0,9,2023,8,8,0.003946329913180742,10136,40.0
2023-09-23,15.0,0,9,2023,8,9,0.0063322449787276145,10107,64.0
2023-09-24,0.0,0,9,2023,8,10,0.0014784151389710231,10146,15.0
2023-09-25,122.0,0,9,2023,8,11,0.0,10168,0.0
2023-09-26,56.0,0,9,2023,8,12,0.012144136969938284,10046,122.0
2023-09-27,63.0,0,9,2023,8,13,0.005577689243027889,10040,56.0
2023-09-28,164.0,0,9,2023,8,14,0.006293706293706294,10010,63.0
2023-09-29,1.0,0,9,2023,8,15,0.01661432478978827,9871,164.0
2023-09-30,0.0,0,9,2023,8,16,0.00010131712259371833,9870,1.0
2023-10-01,1.0,0,10,2023,8,17,0.0,9893,0.0
2023-10-02,0.0,0,10,2023,8,18,0.00010088781275221953,9912,1.0
2023-10-03,0.0,0,10,2023,8,19,0.0,9912,0.0
2023-10-04,0.0,0,10,2023,8,20,0.0,9912,0.0
2023-10-05,35.0,0,10,2023,8,21,0.0,9912,0.0
2023-10-06,20.0,0,10,2023,8,22,0.003543586109142452,9877,35.0
2023-10-07,7.0,0,10,2023,8,23,0.0020167389331451043,9917,20.0
2023-10-08,0.0,0,10,2023,8,24,0.0007033055360192907,9953,7.0
2023-10-09,54.0,0,10,2023,8,25,0.0,9974,0.0
2023-10-10,51.0,0,10,2023,8,26,0.005443548387096774,9920,54.0
2023-10-11,34.0,0,10,2023,8,27,0.005140610825521621,9921,51.0
2023-10-12,52.0,0,10,2023,8,28,0.003424657534246575,9928,34.0
2023-10-13,50.0,0,10,2023,8,29,0.005241407116218123,9921,52.0
2023-10-14,11.0,0,10,2023,8,30,0.005056122964910506,9889,50.0
2023-10-15,0.0,0,10,2023,9,1,0.0011096539897104813,9913,11.0
2023-10-16,47.0,0,10,2023,9,2,0.0,9945,0.0
2023-10-17,34.0,0,10,2023,9,3,0.004748434027076177,9898,47.0
2023-10-18,24.0,0,10,2023,9,4,0.003430531732418525,9911,34.0
2023-10-19,51.0,0,10,2023,9,5,0.0024186234001813967,9923,24.0
2023-10-20,35.0,0,10,2023,9,6,0.005144240468025015,9914,51.0
2023-10-21,11.0,0,10,2023,9,7,0.0035332121946295173,9906,35.0
2023-10-22,0.0,0,10,2023,9,8,0.0011082006850695145,9926,11.0
2023-10-23,79.0,0,10,2023,9,9,0.0,9946,0.0
2023-10-24,31.0,0,10,2023,9,10,0.008006486267355832,9867,79.0
2023-10-25,36.0,0,10,2023,9,11,0.003138287102652359,9878,31.0
2023-10-26,65.0,0,10,2023,9,12,0.0036500050694514854,9863,36.0
2023-10-27,64.0,0,10,2023,9,13,0.006618470624172691,9821,65.0
2023-10-28,19.0,0,10,2023,9,14,0.006538618716796077,9788,64.0
2023-10-29,0.0,0,10,2023,9,15,0.0019354181521849853,9817,19.0
2023-10-30,64.0,0,10,2023,9,16,0.0,9840,0.0
2023-10-31,36.0,0,10,2023,9,17,0.006546644844517185,9776,64.0
2023-11-01,28.0,0,11,2023,9,18,0.0036719706242350062,9804,36.0
2023-11-02,55.0,0,11,2023,9,19,0.0028524857375713123,9816,28.0
2023-11-03,49.0,0,11,2023,9,20,0.005619125459746629,9788,55.0
2023-11-04,6.0,0,11,2023,9,21,0.005022550225502255,9756,49.0
2023-11-05,0.0,0,11,2023,9,22,0.0006135596686777789,9779,6.0
2023-11-06,82.0,0,11,2023,9,23,0.0,9797,0.0
2023-11-07,32.0,0,11,2023,9,24,0.008440555841482244,9715,82.0
2023-11-08,21.0,0,11,2023,9,25,0.0032955715756951597,9710,32.0
2023-11-09,70.0,0,11,2023,9,26,0.00216116085211485,9717,21.0
2023-11-10,45.0,0,11,2023,9,27,0.007237386269644334,9672,70.0
2023-11-11,10.0,0,11,2023,9,28,0.004663695719763706,9649,45.0
2023-11-12,0.0,0,11,2023,9,29,0.0010350895352447987,9661,10.0
2023-11-13,39.0,0,11,2023,10,1,0.0,9677,0.0
2023-11-14,9.0,0,11,2023,10,2,0.004046482672753683,9638,39.0
2023-11-15,20.0,0,11,2023,10,3,0.0009323526364860666,9653,9.0
2023-11-16,45.0,0,11,2023,10,4,0.002072538860103627,9650,20.0
2023-11-17,31.0,0,11,2023,10,5,0.004673382490393603,9629,45.0
2023-11-18,4.0,0,11,2023,10,6,0.0032224532224532226,9620,31.0
2023-11-19,0.0,0,11,2023,10,7,0.0004149377593360996,9640,4.0
2023-11-20,42.0,0,11,2023,10,8,0.0,9651,0.0
2023-11-21,15.0,0,11,2023,10,9,0.004370902279113331,9609,42.0
2023-11-22,15.0,0,11,2023,10,10,0.001560549313358302,9612,15.0
2023-11-23,67.0,0,11,2023,10,11,0.0015595757953836558,9618,15.0
2023-11-24,34.0,0,11,2023,10,12,0.007009834693450513,9558,67.0
2023-11-25,15.0,0,11,2023,10,13,0.0035658101730466703,9535,34.0
2023-11-26,0.0,0,11,2023,10,14,0.0015746378332983414,9526,15.0
2023-11-27,40.0,0,11,2023,10,15,0.0,9529,0.0
2023-11-28,25.0,0,11,2023,10,16,0.004215407313731689,9489,40.0
2023-11-29,36.0,0,11,2023,10,17,0.0026390794890742107,9473,25.0
2023-11-30,40.0,0,11,2023,10,18,0.003807911994922784,9454,36.0
2023-12-01,34.0,0,12,2023,10,19,0.004246735322221043,9419,40.0
2023-12-02,2.0,0,12,2023,10,20,0.0036177910193658227,9398,34.0
2023-12-03,0.0,0,12,2023,10,21,0.0002126754572522331,9404,2.0
2023-12-04,23.0,0,12,2023,10,22,0.0,9409,0.0
2023-12-05,9.0,0,12,2023,10,23,0.002450458129128489,9386,23.0
2023-12-06,25.0,0,12,2023,10,24,0.0009590792838874681,9384,9.0
2023-12-07,32.0,0,12,2023,10,25,0.002668944165688054,9367,25.0
2023-12-08,15.0,0,12,2023,10,26,0.003425757413553153,9341,32.0
2023-12-09,11.0,0,12,2023,10,27,0.001607717041800643,9330,15.0
2023-12-10,1.0,0,12,2023,10,28,0.001180130887243858,9321,11.0
2023-12-11,25.0,0,12,2023,10,29,0.00010719262514738985,9329,1.0
2023-12-12,11.0,0,12,2023,10,30,0.002687016337059329,9304,25.0
2023-12-13,18.0,0,12,2023,11,1,0.0011825413889486132,9302,11.0
2023-12-14,31.0,0,12,2023,11,2,0.0019365250134480904,9295,18.0
2023-12-15,32.0,0,12,2023,11,3,0.0033444816053511705,9269,31.0
2023-12-16,4.0,0,12,2023,11,4,0.003453113197367001,9267,32.0
2023-12-17,0.0,0,12,2023,11,5,0.00043033889187735344,9295,4.0
2023-12-18,41.0,0,12,2023,11,6,0.0,9306,0.0
2023-12-19,83.0,0,12,2023,11,7,0.004425256341068538,9265,41.0
2023-12-20,36.0,0,12,2023,11,8,0.009037456445993032,9184,83.0
2023-12-21,32.0,0,12,2023,11,9,0.003932277444019661,9155,36.0
2023-12-22,68.0,0,12,2023,11,10,0.0035026269702276708,9136,32.0
2023-12-23,11.0,0,12,2023,11,11,0.007494764686432271,9073,68.0
2023-12-24,0.0,0,12,2023,11,12,0.0012130569033965593,9068,11.0
2023-12-25,54.0,0,12,2023,11,13,0.0,9074,0.0
2023-12-26,56.0,0,12,2023,11,14,0.00598669623059867,9020,54.0
2023-12-27,41.0,0,12,2023,11,15,0.006241640659830584,8972,56.0
2023-12-28,90.0,0,12,2023,11,16,0.004590237348858038,8932,41.0
2023-12-29,142.0,0,12,2023,11,17,0.010171790235081375,8848,90.0
2023-12-30,1.0,0,12,2023,11,18,0.01630122833199403,8711,142.0
2023-12-31,0.0,0,12,2023,11,19,0.0001147710317915758,8713,1.0
