,离职人数,疫情等级,月份,lunar_year,lunar_month,lunar_day,前一天在职人数,IsHoliday,IsSpringFestival
2018-01-02,100.0,0,1,2017,11,16,85909,0,0
2018-01-03,185.0,0,1,2017,11,17,85810,0,0
2018-01-04,590.0,0,1,2017,11,18,85972,0,0
2018-01-05,728.0,0,1,2017,11,19,85713,0,0
2018-01-06,554.0,0,1,2017,11,20,85338,0,0
2018-01-07,0.0,0,1,2017,11,21,85047,0,0
2018-01-08,804.0,0,1,2017,11,22,85299,0,0
2018-01-09,608.0,0,1,2017,11,23,84498,0,0
2018-01-10,437.0,0,1,2017,11,24,84048,0,0
2018-01-11,675.0,0,1,2017,11,25,83793,0,0
2018-01-12,802.0,0,1,2017,11,26,83357,0,0
2018-01-13,478.0,0,1,2017,11,27,82780,0,0
2018-01-14,0.0,0,1,2017,11,28,82509,0,0
2018-01-15,1343.0,0,1,2017,11,29,82691,0,0
2018-01-16,2520.0,0,1,2017,11,30,81350,0,0
2018-01-17,1322.0,0,1,2017,12,1,78934,0,0
2018-01-18,536.0,0,1,2017,12,2,78024,0,0
2018-01-19,934.0,0,1,2017,12,3,77694,0,0
2018-01-20,683.0,0,1,2017,12,4,76919,0,0
2018-01-21,0.0,0,1,2017,12,5,76239,0,0
2018-01-22,1493.0,0,1,2017,12,6,76242,0,0
2018-01-23,1225.0,0,1,2017,12,7,74752,0,0
2018-01-24,778.0,0,1,2017,12,8,73527,0,0
2018-01-25,803.0,0,1,2017,12,9,72754,0,0
2018-01-26,1226.0,0,1,2017,12,10,71953,0,0
2018-01-27,579.0,0,1,2017,12,11,70728,0,0
2018-01-28,0.0,0,1,2017,12,12,70149,0,0
2018-01-29,1026.0,0,1,2017,12,13,70149,0,0
2018-01-30,599.0,0,1,2017,12,14,69123,0,0
2018-01-31,382.0,0,1,2017,12,15,68528,0,0
2018-02-01,225.0,0,2,2017,12,16,68148,0,0
2018-02-02,108.0,0,2,2017,12,17,68058,0,0
2018-02-03,111.0,0,2,2017,12,18,68009,0,0
2018-02-04,0.0,0,2,2017,12,19,67984,0,0
2018-02-05,889.0,0,2,2017,12,20,68049,0,0
2018-02-06,285.0,0,2,2017,12,21,67161,0,0
2018-02-07,144.0,0,2,2017,12,22,66922,0,0
2018-02-08,446.0,0,2,2017,12,23,66825,0,0
2018-02-09,456.0,0,2,2017,12,24,66418,0,1
2018-02-10,56.0,0,2,2017,12,25,65962,0,1
2018-02-11,0.0,0,2,2017,12,26,65906,0,1
2018-02-12,0.0,0,2,2017,12,27,65906,0,1
2018-02-13,0.0,0,2,2017,12,28,65906,0,1
2018-02-14,1.0,0,2,2017,12,29,65906,0,1
2018-02-15,0.0,0,2,2017,12,30,65905,1,1
2018-02-16,1.0,0,2,2018,1,1,65905,1,1
2018-02-17,0.0,0,2,2018,1,2,65904,1,1
2018-02-18,0.0,0,2,2018,1,3,65904,1,1
2018-02-19,0.0,0,2,2018,1,4,65904,1,1
2018-02-20,0.0,0,2,2018,1,5,65904,1,1
2018-02-21,0.0,0,2,2018,1,6,65904,1,1
2018-02-22,0.0,0,2,2018,1,7,65904,0,1
2018-02-23,33.0,0,2,2018,1,8,65904,0,0
2018-02-24,84.0,0,2,2018,1,9,65875,0,0
2018-02-25,71.0,0,2,2018,1,10,66348,0,0
2018-02-26,148.0,0,2,2018,1,11,66789,0,0
2018-02-27,500.0,0,2,2018,1,12,67215,0,0
2018-02-28,615.0,0,2,2018,1,13,67179,0,0
2018-03-01,773.0,0,3,2018,1,14,67155,0,0
2018-03-02,1139.0,0,3,2018,1,15,66938,0,0
2018-03-03,397.0,0,3,2018,1,16,66504,0,0
2018-03-04,0.0,0,3,2018,1,17,67005,0,0
2018-03-05,425.0,0,3,2018,1,18,67805,0,0
2018-03-06,802.0,0,3,2018,1,19,67389,0,0
2018-03-07,504.0,0,3,2018,1,20,67326,0,0
2018-03-08,795.0,0,3,2018,1,21,67803,0,0
2018-03-09,660.0,0,3,2018,1,22,68057,0,0
2018-03-10,414.0,0,3,2018,1,23,67848,0,0
2018-03-11,0.0,0,3,2018,1,24,67802,0,0
2018-03-12,274.0,0,3,2018,1,25,68360,0,0
2018-03-13,465.0,0,3,2018,1,26,68109,0,0
2018-03-14,406.0,0,3,2018,1,27,68369,0,0
2018-03-15,549.0,0,3,2018,1,28,68801,0,0
2018-03-16,363.0,0,3,2018,1,29,68875,0,0
2018-03-17,263.0,0,3,2018,2,1,69174,0,0
2018-03-18,0.0,0,3,2018,2,2,69505,0,0
2018-03-19,207.0,0,3,2018,2,3,69992,0,0
2018-03-20,373.0,0,3,2018,2,4,69800,0,0
2018-03-21,352.0,0,3,2018,2,5,69811,0,0
2018-03-22,437.0,0,3,2018,2,6,69974,0,0
2018-03-23,389.0,0,3,2018,2,7,69874,0,0
2018-03-24,295.0,0,3,2018,2,8,69811,0,0
2018-03-25,0.0,0,3,2018,2,9,69788,0,0
2018-03-26,320.0,0,3,2018,2,10,69991,0,0
2018-03-27,419.0,0,3,2018,2,11,69676,0,0
2018-03-28,436.0,0,3,2018,2,12,69349,0,0
2018-03-29,746.0,0,3,2018,2,13,69128,0,0
2018-03-30,512.0,0,3,2018,2,14,68537,0,0
2018-03-31,170.0,0,3,2018,2,15,68133,0,0
2018-04-01,36.0,0,4,2018,2,16,68072,0,0
2018-04-02,123.0,0,4,2018,2,17,68134,0,0
2018-04-03,133.0,0,4,2018,2,18,68020,0,0
2018-04-04,1007.0,0,4,2018,2,19,67932,0,0
2018-04-05,1.0,0,4,2018,2,20,67134,1,0
2018-04-06,157.0,0,4,2018,2,21,67133,1,0
2018-04-07,106.0,0,4,2018,2,22,67132,1,0
2018-04-08,0.0,0,4,2018,2,23,67099,0,0
2018-04-09,222.0,0,4,2018,2,24,67199,0,0
2018-04-10,240.0,0,4,2018,2,25,66989,0,0
2018-04-11,297.0,0,4,2018,2,26,66819,0,0
2018-04-12,358.0,0,4,2018,2,27,67168,0,0
2018-04-13,380.0,0,4,2018,2,28,67242,0,0
2018-04-14,266.0,0,4,2018,2,29,67177,0,0
2018-04-15,0.0,0,4,2018,2,30,67232,0,0
2018-04-16,294.0,0,4,2018,3,1,67522,0,0
2018-04-17,278.0,0,4,2018,3,2,67250,0,0
2018-04-18,253.0,0,4,2018,3,3,67134,0,0
2018-04-19,445.0,0,4,2018,3,4,67239,0,0
2018-04-20,398.0,0,4,2018,3,5,67155,0,0
2018-04-21,293.0,0,4,2018,3,6,67062,0,0
2018-04-22,0.0,0,4,2018,3,7,66995,0,0
2018-04-23,369.0,0,4,2018,3,8,67229,0,0
2018-04-24,395.0,0,4,2018,3,9,66868,0,0
2018-04-25,396.0,0,4,2018,3,10,66617,0,0
2018-04-26,967.0,0,4,2018,3,11,66624,0,0
2018-04-27,566.0,0,4,2018,3,12,65955,0,0
2018-04-28,579.0,0,4,2018,3,13,65631,0,0
2018-04-29,0.0,0,4,2018,3,14,65382,1,0
2018-04-30,287.0,0,4,2018,3,15,65382,1,0
2018-05-01,87.0,0,5,2018,3,16,65103,1,0
2018-05-02,202.0,0,5,2018,3,17,65016,0,0
2018-05-03,210.0,0,5,2018,3,18,64821,0,0
2018-05-04,451.0,0,5,2018,3,19,65204,0,0
2018-05-05,222.0,0,5,2018,3,20,65119,0,0
2018-05-06,0.0,0,5,2018,3,21,65474,0,0
2018-05-07,294.0,0,5,2018,3,22,65929,0,0
2018-05-08,294.0,0,5,2018,3,23,65644,0,0
2018-05-09,349.0,0,5,2018,3,24,65647,0,0
2018-05-10,565.0,0,5,2018,3,25,65795,0,0
2018-05-11,395.0,0,5,2018,3,26,65720,0,0
2018-05-12,327.0,0,5,2018,3,27,65695,0,0
2018-05-13,0.0,0,5,2018,3,28,65799,0,0
2018-05-14,225.0,0,5,2018,3,29,66048,0,0
2018-05-15,233.0,0,5,2018,4,1,65838,0,0
2018-05-16,330.0,0,5,2018,4,2,65856,0,0
2018-05-17,428.0,0,5,2018,4,3,65938,0,0
2018-05-18,331.0,0,5,2018,4,4,66071,0,0
2018-05-19,328.0,0,5,2018,4,5,66136,0,0
2018-05-20,0.0,0,5,2018,4,6,66322,0,0
2018-05-21,219.0,0,5,2018,4,7,66783,0,0
2018-05-22,320.0,0,5,2018,4,8,66587,0,0
2018-05-23,377.0,0,5,2018,4,9,66649,0,0
2018-05-24,605.0,0,5,2018,4,10,66926,0,0
2018-05-25,575.0,0,5,2018,4,11,67013,0,0
2018-05-26,578.0,0,5,2018,4,12,66998,0,0
2018-05-27,0.0,0,5,2018,4,13,66930,0,0
2018-05-28,368.0,0,5,2018,4,14,67300,0,0
2018-05-29,430.0,0,5,2018,4,15,66957,0,0
2018-05-30,406.0,0,5,2018,4,16,66964,0,0
2018-05-31,621.0,0,5,2018,4,17,67167,0,0
2018-06-01,308.0,0,6,2018,4,18,67119,0,0
2018-06-02,149.0,0,6,2018,4,19,67263,0,0
2018-06-03,0.0,0,6,2018,4,20,67568,0,0
2018-06-04,434.0,0,6,2018,4,21,67846,0,0
2018-06-05,340.0,0,6,2018,4,22,67417,0,0
2018-06-06,317.0,0,6,2018,4,23,67520,0,0
2018-06-07,475.0,0,6,2018,4,24,67893,0,0
2018-06-08,425.0,0,6,2018,4,25,67989,0,0
2018-06-09,269.0,0,6,2018,4,26,67968,0,0
2018-06-10,0.0,0,6,2018,4,27,68176,0,0
2018-06-11,349.0,0,6,2018,4,28,68562,0,0
2018-06-12,311.0,0,6,2018,4,29,68219,0,0
2018-06-13,445.0,0,6,2018,4,30,68453,0,0
2018-06-14,406.0,0,6,2018,5,1,68904,0,0
2018-06-15,368.0,0,6,2018,5,2,69348,0,0
2018-06-16,414.0,0,6,2018,5,3,69810,0,0
2018-06-17,0.0,0,6,2018,5,4,69407,0,0
2018-06-18,0.0,0,6,2018,5,5,69408,1,0
2018-06-19,138.0,0,6,2018,5,6,69408,0,0
2018-06-20,283.0,0,6,2018,5,7,70605,0,0
2018-06-21,369.0,0,6,2018,5,8,70999,0,0
2018-06-22,535.0,0,6,2018,5,9,71602,0,0
2018-06-23,336.0,0,6,2018,5,10,71869,0,0
2018-06-24,0.0,0,6,2018,5,11,72513,0,0
2018-06-25,389.0,0,6,2018,5,12,73355,0,0
2018-06-26,437.0,0,6,2018,5,13,72980,0,0
2018-06-27,526.0,0,6,2018,5,14,73846,0,0
2018-06-28,916.0,0,6,2018,5,15,74561,0,0
2018-06-29,608.0,0,6,2018,5,16,74809,0,0
2018-06-30,489.0,0,6,2018,5,17,75074,0,0
2018-07-01,25.0,0,7,2018,5,18,75536,0,0
2018-07-02,173.0,0,7,2018,5,19,76572,0,0
2018-07-03,369.0,0,7,2018,5,20,76425,0,0
2018-07-04,604.0,0,7,2018,5,21,77724,0,0
2018-07-05,761.0,0,7,2018,5,22,79751,0,0
2018-07-06,604.0,0,7,2018,5,23,81522,0,0
2018-07-07,492.0,0,7,2018,5,24,83542,0,0
2018-07-08,0.0,0,7,2018,5,25,85544,0,0
2018-07-09,563.0,0,7,2018,5,26,88243,0,0
2018-07-10,534.0,0,7,2018,5,27,89486,0,0
2018-07-11,485.0,0,7,2018,5,28,90964,0,0
2018-07-12,693.0,0,7,2018,5,29,92369,0,0
2018-07-13,683.0,0,7,2018,6,1,92780,0,0
2018-07-14,382.0,0,7,2018,6,2,92974,0,0
2018-07-15,0.0,0,7,2018,6,3,93081,0,0
2018-07-16,360.0,0,7,2018,6,4,93837,0,0
2018-07-17,438.0,0,7,2018,6,5,93491,0,0
2018-07-18,374.0,0,7,2018,6,6,93827,0,0
2018-07-19,537.0,0,7,2018,6,7,94199,0,0
2018-07-20,483.0,0,7,2018,6,8,94367,0,0
2018-07-21,434.0,0,7,2018,6,9,94726,0,0
2018-07-22,0.0,0,7,2018,6,10,94944,0,0
2018-07-23,479.0,0,7,2018,6,11,95388,0,0
2018-07-24,537.0,0,7,2018,6,12,94919,0,0
2018-07-25,590.0,0,7,2018,6,13,94939,0,0
2018-07-26,904.0,0,7,2018,6,14,95073,0,0
2018-07-27,824.0,0,7,2018,6,15,94683,0,0
2018-07-28,585.0,0,7,2018,6,16,94215,0,0
2018-07-29,0.0,0,7,2018,6,17,94044,0,0
2018-07-30,725.0,0,7,2018,6,18,94345,0,0
2018-07-31,631.0,0,7,2018,6,19,93644,0,0
2018-08-01,306.0,0,8,2018,6,20,93370,0,0
2018-08-02,392.0,0,8,2018,6,21,93584,0,0
2018-08-03,245.0,0,8,2018,6,22,93735,0,0
2018-08-04,848.0,0,8,2018,6,23,93881,0,0
2018-08-05,0.0,0,8,2018,6,24,93394,0,0
2018-08-06,840.0,0,8,2018,6,25,93708,0,0
2018-08-07,658.0,0,8,2018,6,26,92897,0,0
2018-08-08,550.0,0,8,2018,6,27,92544,0,0
2018-08-09,913.0,0,8,2018,6,28,92509,0,0
2018-08-10,970.0,0,8,2018,6,29,92024,0,0
2018-08-11,847.0,0,8,2018,7,1,91460,0,0
2018-08-12,0.0,0,8,2018,7,2,91004,0,0
2018-08-13,964.0,0,8,2018,7,3,91231,0,0
2018-08-14,624.0,0,8,2018,7,4,90280,0,0
2018-08-15,541.0,0,8,2018,7,5,90044,0,0
2018-08-16,1360.0,0,8,2018,7,6,90066,0,0
2018-08-17,1491.0,0,8,2018,7,7,89189,0,0
2018-08-18,1141.0,0,8,2018,7,8,88255,0,0
2018-08-19,1.0,0,8,2018,7,9,87696,0,0
2018-08-20,3237.0,0,8,2018,7,10,88192,0,0
2018-08-21,1177.0,0,8,2018,7,11,85051,0,0
2018-08-22,860.0,0,8,2018,7,12,84462,0,0
2018-08-23,3928.0,0,8,2018,7,13,84309,0,0
2018-08-24,3784.0,0,8,2018,7,14,81075,0,0
2018-08-25,1601.0,0,8,2018,7,15,77897,0,0
2018-08-26,6.0,0,8,2018,7,16,76813,0,0
2018-08-27,2009.0,0,8,2018,7,17,77248,0,0
2018-08-28,941.0,0,8,2018,7,18,75328,0,0
2018-08-29,531.0,0,8,2018,7,19,75047,0,0
2018-08-30,1170.0,0,8,2018,7,20,75157,0,0
2018-08-31,1224.0,0,8,2018,7,21,74477,0,0
2018-09-01,393.0,0,9,2018,7,22,73710,0,0
2018-09-02,0.0,0,9,2018,7,23,73743,0,0
2018-09-03,329.0,0,9,2018,7,24,74161,0,0
2018-09-04,716.0,0,9,2018,7,25,74033,0,0
2018-09-05,407.0,0,9,2018,7,26,73840,0,0
2018-09-06,737.0,0,9,2018,7,27,74304,0,0
2018-09-07,672.0,0,9,2018,7,28,74328,0,0
2018-09-08,607.0,0,9,2018,7,29,74301,0,0
2018-09-09,0.0,0,9,2018,7,30,74382,0,0
2018-09-10,599.0,0,9,2018,8,1,74820,0,0
2018-09-11,444.0,0,9,2018,8,2,74511,0,0
2018-09-12,510.0,0,9,2018,8,3,74800,0,0
2018-09-13,549.0,0,9,2018,8,4,75304,0,0
2018-09-14,654.0,0,9,2018,8,5,75617,0,0
2018-09-15,494.0,0,9,2018,8,6,75832,0,0
2018-09-16,0.0,0,9,2018,8,7,76068,0,0
2018-09-17,52.0,0,9,2018,8,8,76690,0,0
2018-09-18,478.0,0,9,2018,8,9,76645,0,0
2018-09-19,549.0,0,9,2018,8,10,76533,0,0
2018-09-20,556.0,0,9,2018,8,11,76739,0,0
2018-09-21,602.0,0,9,2018,8,12,77011,0,0
2018-09-22,1044.0,0,9,2018,8,13,77237,0,0
2018-09-23,189.0,0,9,2018,8,14,76558,0,0
2018-09-24,0.0,0,9,2018,8,15,76582,1,0
2018-09-25,316.0,0,9,2018,8,16,76582,0,0
2018-09-26,728.0,0,9,2018,8,17,76992,0,0
2018-09-27,715.0,0,9,2018,8,18,76698,0,0
2018-09-28,1187.0,0,9,2018,8,19,76751,0,0
2018-09-29,962.0,0,9,2018,8,20,76161,0,0
2018-09-30,1.0,0,9,2018,8,21,75228,0,0
2018-10-01,5.0,0,10,2018,8,22,75228,1,0
2018-10-02,0.0,0,10,2018,8,23,75225,1,0
2018-10-03,0.0,0,10,2018,8,24,75225,1,0
2018-10-04,389.0,0,10,2018,8,25,75225,1,0
2018-10-05,541.0,0,10,2018,8,26,76614,1,0
2018-10-06,447.0,0,10,2018,8,27,76988,1,0
2018-10-07,0.0,0,10,2018,8,28,77574,1,0
2018-10-08,762.0,0,10,2018,8,29,78162,0,0
2018-10-09,612.0,0,10,2018,9,1,77844,0,0
2018-10-10,529.0,0,10,2018,9,2,78356,0,0
2018-10-11,840.0,0,10,2018,9,3,79360,0,0
2018-10-12,1021.0,0,10,2018,9,4,79961,0,0
2018-10-13,308.0,0,10,2018,9,5,80927,0,0
2018-10-14,0.0,0,10,2018,9,6,82349,0,0
2018-10-15,1213.0,0,10,2018,9,7,83802,0,0
2018-10-16,602.0,0,10,2018,9,8,82624,0,0
2018-10-17,666.0,0,10,2018,9,9,82813,0,0
2018-10-18,935.0,0,10,2018,9,10,82872,0,0
2018-10-19,851.0,0,10,2018,9,11,82509,0,0
2018-10-20,468.0,0,10,2018,9,12,82966,0,0
2018-10-21,37.0,0,10,2018,9,13,84120,0,0
2018-10-22,554.0,0,10,2018,9,14,85442,0,0
2018-10-23,678.0,0,10,2018,9,15,85809,0,0
2018-10-24,950.0,0,10,2018,9,16,86578,0,0
2018-10-25,1694.0,0,10,2018,9,17,87387,0,0
2018-10-26,1409.0,0,10,2018,9,18,87380,0,0
2018-10-27,370.0,0,10,2018,9,19,87531,0,0
2018-10-28,1.0,0,10,2018,9,20,88697,0,0
2018-10-29,1292.0,0,10,2018,9,21,89935,0,0
2018-10-30,1030.0,0,10,2018,9,22,88670,0,0
2018-10-31,1331.0,0,10,2018,9,23,89333,0,0
2018-11-01,949.0,0,11,2018,9,24,90889,0,0
2018-11-02,1060.0,0,11,2018,9,25,90321,0,0
2018-11-03,62.0,0,11,2018,9,26,89721,0,0
2018-11-04,0.0,0,11,2018,9,27,90153,0,0
2018-11-05,1026.0,0,11,2018,9,28,90538,0,0
2018-11-06,561.0,0,11,2018,9,29,89578,0,0
2018-11-07,1530.0,0,11,2018,9,30,89474,0,0
2018-11-08,1142.0,0,11,2018,10,1,88500,0,0
2018-11-09,871.0,0,11,2018,10,2,87630,0,0
2018-11-10,1618.0,0,11,2018,10,3,87029,0,0
2018-11-11,1371.0,0,11,2018,10,4,85630,0,0
2018-11-12,977.0,0,11,2018,10,5,84432,0,0
2018-11-13,559.0,0,11,2018,10,6,83514,0,0
2018-11-14,447.0,0,11,2018,10,7,83155,0,0
2018-11-15,600.0,0,11,2018,10,8,82994,0,0
2018-11-16,399.0,0,11,2018,10,9,82598,0,0
2018-11-17,169.0,0,11,2018,10,10,82366,0,0
2018-11-18,0.0,0,11,2018,10,11,82341,0,0
2018-11-19,450.0,0,11,2018,10,12,82448,0,0
2018-11-20,297.0,0,11,2018,10,13,82060,0,0
2018-11-21,288.0,0,11,2018,10,14,81919,0,0
2018-11-22,382.0,0,11,2018,10,15,81832,0,0
2018-11-23,478.0,0,11,2018,10,16,81625,0,0
2018-11-24,132.0,0,11,2018,10,17,81311,0,0
2018-11-25,0.0,0,11,2018,10,18,81311,0,0
2018-11-26,560.0,0,11,2018,10,19,81402,0,0
2018-11-27,515.0,0,11,2018,10,20,80904,0,0
2018-11-28,657.0,0,11,2018,10,21,80502,0,0
2018-11-29,801.0,0,11,2018,10,22,80024,0,0
2018-11-30,1824.0,0,11,2018,10,23,79367,0,0
2018-12-01,1343.0,0,12,2018,10,24,77753,0,0
2018-12-02,185.0,0,12,2018,10,25,76658,0,0
2018-12-03,447.0,0,12,2018,10,26,76662,0,0
2018-12-04,331.0,0,12,2018,10,27,76353,0,0
2018-12-05,394.0,0,12,2018,10,28,76213,0,0
2018-12-06,371.0,0,12,2018,10,29,76029,0,0
2018-12-07,490.0,0,12,2018,11,1,75819,0,0
2018-12-08,316.0,0,12,2018,11,2,75452,0,0
2018-12-09,0.0,0,12,2018,11,3,75222,0,0
2018-12-10,384.0,0,12,2018,11,4,75301,0,0
2018-12-11,236.0,0,12,2018,11,5,74927,0,0
2018-12-12,319.0,0,12,2018,11,6,74805,0,0
2018-12-13,341.0,0,12,2018,11,7,74926,0,0
2018-12-14,395.0,0,12,2018,11,8,74768,0,0
2018-12-15,328.0,0,12,2018,11,9,74515,0,0
2018-12-16,0.0,0,12,2018,11,10,74314,0,0
2018-12-17,277.0,0,12,2018,11,11,74390,0,0
2018-12-18,173.0,0,12,2018,11,12,74121,0,0
2018-12-19,392.0,0,12,2018,11,13,74062,0,0
2018-12-20,520.0,0,12,2018,11,14,73784,0,0
2018-12-21,362.0,0,12,2018,11,15,73353,0,0
2018-12-22,286.0,0,12,2018,11,16,73104,0,0
2018-12-23,0.0,0,12,2018,11,17,72912,0,0
2018-12-24,411.0,0,12,2018,11,18,72956,0,0
2018-12-25,338.0,0,12,2018,11,19,72549,0,0
2018-12-26,632.0,0,12,2018,11,20,72321,0,0
2018-12-27,1300.0,0,12,2018,11,21,71786,0,0
2018-12-28,1617.0,0,12,2018,11,22,70571,0,0
2018-12-29,1409.0,0,12,2018,11,23,69025,0,0
2018-12-30,0.0,0,12,2018,11,24,67616,1,0
2018-12-31,108.0,0,12,2018,11,25,67616,1,0
2019-01-01,10.0,0,1,2018,11,26,67508,1,0
2019-01-02,185.0,0,1,2018,11,27,67500,0,0
2019-01-03,203.0,0,1,2018,11,28,67569,0,0
2019-01-04,609.0,0,1,2018,11,29,67427,0,0
2019-01-05,522.0,0,1,2018,11,30,66924,0,0
2019-01-06,0.0,0,1,2018,12,1,66493,0,0
2019-01-07,731.0,0,1,2018,12,2,66579,0,0
2019-01-08,280.0,0,1,2018,12,3,65849,0,0
2019-01-09,282.0,0,1,2018,12,4,65672,0,0
2019-01-10,754.0,0,1,2018,12,5,65487,0,0
2019-01-11,775.0,0,1,2018,12,6,64812,0,0
2019-01-12,485.0,0,1,2018,12,7,64116,0,0
2019-01-13,0.0,0,1,2018,12,8,63700,0,0
2019-01-14,935.0,0,1,2018,12,9,63753,0,0
2019-01-15,440.0,0,1,2018,12,10,62821,0,0
2019-01-16,286.0,0,1,2018,12,11,62491,0,0
2019-01-17,766.0,0,1,2018,12,12,62277,0,0
2019-01-18,915.0,0,1,2018,12,13,61561,0,0
2019-01-19,772.0,0,1,2018,12,14,60700,0,0
2019-01-20,328.0,0,1,2018,12,15,59994,0,0
2019-01-21,1425.0,0,1,2018,12,16,59701,0,0
2019-01-22,665.0,0,1,2018,12,17,58278,0,0
2019-01-23,546.0,0,1,2018,12,18,57683,0,0
2019-01-24,1610.0,0,1,2018,12,19,57195,0,0
2019-01-25,2176.0,0,1,2018,12,20,55635,0,0
2019-01-26,729.0,0,1,2018,12,21,53515,0,0
2019-01-27,0.0,0,1,2018,12,22,52794,0,0
2019-01-28,566.0,0,1,2018,12,23,52794,0,0
2019-01-29,182.0,0,1,2018,12,24,52239,0,1
2019-01-30,572.0,0,1,2018,12,25,52058,0,1
2019-01-31,0.0,0,1,2018,12,26,51487,0,1
2019-02-01,8.0,0,2,2018,12,27,51487,0,1
2019-02-02,0.0,0,2,2018,12,28,51479,0,1
2019-02-03,1.0,0,2,2018,12,29,51479,0,1
2019-02-04,0.0,0,2,2018,12,30,51478,1,1
2019-02-05,0.0,0,2,2019,1,1,51478,1,1
2019-02-06,0.0,0,2,2019,1,2,51478,1,1
2019-02-07,0.0,0,2,2019,1,3,51478,1,1
2019-02-08,0.0,0,2,2019,1,4,51478,1,1
2019-02-09,0.0,0,2,2019,1,5,51478,1,1
2019-02-10,0.0,0,2,2019,1,6,51478,1,1
2019-02-11,31.0,0,2,2019,1,7,51478,0,1
2019-02-12,52.0,0,2,2019,1,8,51447,0,0
2019-02-13,68.0,0,2,2019,1,9,51712,0,0
2019-02-14,304.0,0,2,2019,1,10,51951,0,0
2019-02-15,196.0,0,2,2019,1,11,52155,0,0
2019-02-16,140.0,0,2,2019,1,12,52433,0,0
2019-02-17,0.0,0,2,2019,1,13,52761,0,0
2019-02-18,162.0,0,2,2019,1,14,52913,0,0
2019-02-19,210.0,0,2,2019,1,15,52771,0,0
2019-02-20,180.0,0,2,2019,1,16,52957,0,0
2019-02-21,440.0,0,2,2019,1,17,53166,0,0
2019-02-22,308.0,0,2,2019,1,18,53665,0,0
2019-02-23,234.0,0,2,2019,1,19,54073,0,0
2019-02-24,0.0,0,2,2019,1,20,54368,0,0
2019-02-25,267.0,0,2,2019,1,21,55022,0,0
2019-02-26,362.0,0,2,2019,1,22,54866,0,0
2019-02-27,501.0,0,2,2019,1,23,55370,0,0
2019-02-28,994.0,0,2,2019,1,24,55573,0,0
2019-03-01,1861.0,0,3,2019,1,25,55490,0,0
2019-03-02,1003.0,0,3,2019,1,26,54342,0,0
2019-03-03,0.0,0,3,2019,1,27,54028,0,0
2019-03-04,505.0,0,3,2019,1,28,54752,0,0
2019-03-05,840.0,0,3,2019,1,29,54266,0,0
2019-03-06,624.0,0,3,2019,1,30,54203,0,0
2019-03-07,667.0,0,3,2019,2,1,54230,0,0
2019-03-08,492.0,0,3,2019,2,2,54391,0,0
2019-03-09,363.0,0,3,2019,2,3,54523,0,0
2019-03-10,0.0,0,3,2019,2,4,54691,0,0
2019-03-11,267.0,0,3,2019,2,5,55235,0,0
2019-03-12,340.0,0,3,2019,2,6,54991,0,0
2019-03-13,336.0,0,3,2019,2,7,55193,0,0
2019-03-14,486.0,0,3,2019,2,8,55469,0,0
2019-03-15,406.0,0,3,2019,2,9,55721,0,0
2019-03-16,325.0,0,3,2019,2,10,55911,0,0
2019-03-17,0.0,0,3,2019,2,11,56338,0,0
2019-03-18,267.0,0,3,2019,2,12,56913,0,0
2019-03-19,387.0,0,3,2019,2,13,56680,0,0
2019-03-20,407.0,0,3,2019,2,14,56946,0,0
2019-03-21,531.0,0,3,2019,2,15,56955,0,0
2019-03-22,515.0,0,3,2019,2,16,56929,0,0
2019-03-23,306.0,0,3,2019,2,17,56874,0,0
2019-03-24,0.0,0,3,2019,2,18,56955,0,0
2019-03-25,355.0,0,3,2019,2,19,57259,0,0
2019-03-26,434.0,0,3,2019,2,20,56914,0,0
2019-03-27,449.0,0,3,2019,2,21,56861,0,0
2019-03-28,717.0,0,3,2019,2,22,56803,0,0
2019-03-29,483.0,0,3,2019,2,23,56450,0,0
2019-03-30,367.0,0,3,2019,2,24,56316,0,0
2019-03-31,0.0,0,3,2019,2,25,56254,0,0
2019-04-01,166.0,0,4,2019,2,26,56537,0,0
2019-04-02,189.0,0,4,2019,2,27,56400,0,0
2019-04-03,187.0,0,4,2019,2,28,56517,0,0
2019-04-04,853.0,0,4,2019,2,29,56681,0,0
2019-04-05,0.0,0,4,2019,3,1,56222,1,0
2019-04-06,0.0,0,4,2019,3,2,56223,0,0
2019-04-07,0.0,0,4,2019,3,3,56223,0,0
2019-04-08,385.0,0,4,2019,3,4,56223,0,0
2019-04-09,278.0,0,4,2019,3,5,56146,0,0
2019-04-10,220.0,0,4,2019,3,6,56349,0,0
2019-04-11,426.0,0,4,2019,3,7,56535,0,0
2019-04-12,288.0,0,4,2019,3,8,56581,0,0
2019-04-13,321.0,0,4,2019,3,9,56664,0,0
2019-04-14,0.0,0,4,2019,3,10,56656,0,0
2019-04-15,246.0,0,4,2019,3,11,56954,0,0
2019-04-16,262.0,0,4,2019,3,12,56715,0,0
2019-04-17,256.0,0,4,2019,3,13,56907,0,0
2019-04-18,360.0,0,4,2019,3,14,57007,0,0
2019-04-19,266.0,0,4,2019,3,15,57057,0,0
2019-04-20,264.0,0,4,2019,3,16,57147,0,0
2019-04-21,0.0,0,4,2019,3,17,57155,0,0
2019-04-22,308.0,0,4,2019,3,18,57424,0,0
2019-04-23,341.0,0,4,2019,3,19,57119,0,0
2019-04-24,283.0,0,4,2019,3,20,57099,0,0
2019-04-25,562.0,0,4,2019,3,21,57112,0,0
2019-04-26,499.0,0,4,2019,3,22,56986,0,0
2019-04-27,397.0,0,4,2019,3,23,56823,0,0
2019-04-28,0.0,0,4,2019,3,24,56880,0,0
2019-04-29,300.0,0,4,2019,3,25,57351,0,0
2019-04-30,607.0,0,4,2019,3,26,57055,0,0
2019-05-01,94.0,0,5,2019,3,27,57014,1,0
2019-05-02,231.0,0,5,2019,3,28,56920,0,0
2019-05-03,334.0,0,5,2019,3,29,57187,0,0
2019-05-04,286.0,0,5,2019,3,30,57259,0,0
2019-05-05,0.0,0,5,2019,4,1,57239,0,0
2019-05-06,357.0,0,5,2019,4,2,57685,0,0
2019-05-07,621.0,0,5,2019,4,3,57328,0,0
2019-05-08,331.0,0,5,2019,4,4,57442,0,0
2019-05-09,476.0,0,5,2019,4,5,57713,0,0
2019-05-10,1029.0,0,5,2019,4,6,57840,0,0
2019-05-11,396.0,0,5,2019,4,7,57346,0,0
2019-05-12,0.0,0,5,2019,4,8,57460,0,0
2019-05-13,321.0,0,5,2019,4,9,57949,0,0
2019-05-14,416.0,0,5,2019,4,10,57632,0,0
2019-05-15,374.0,0,5,2019,4,11,57730,0,0
2019-05-16,539.0,0,5,2019,4,12,57948,0,0
2019-05-17,408.0,0,5,2019,4,13,57930,0,0
2019-05-18,311.0,0,5,2019,4,14,58055,0,0
2019-05-19,1.0,0,5,2019,4,15,58267,0,0
2019-05-20,368.0,0,5,2019,4,16,58791,0,0
2019-05-21,332.0,0,5,2019,4,17,58457,0,0
2019-05-22,426.0,0,5,2019,4,18,58703,0,0
2019-05-23,671.0,0,5,2019,4,19,58754,0,0
2019-05-24,575.0,0,5,2019,4,20,58692,0,0
2019-05-25,497.0,0,5,2019,4,21,58608,0,0
2019-05-26,0.0,0,5,2019,4,22,58647,0,0
2019-05-27,466.0,0,5,2019,4,23,59034,0,0
2019-05-28,519.0,0,5,2019,4,24,58575,0,0
2019-05-29,447.0,0,5,2019,4,25,58534,0,0
2019-05-30,727.0,0,5,2019,4,26,58773,0,0
2019-05-31,526.0,0,5,2019,4,27,58586,0,0
2019-06-01,296.0,0,6,2019,4,28,58543,0,0
2019-06-02,0.0,0,6,2019,4,29,58728,0,0
2019-06-03,117.0,0,6,2019,5,1,59208,0,0
2019-06-04,493.0,0,6,2019,5,2,59101,0,0
2019-06-05,380.0,0,6,2019,5,3,59184,0,0
2019-06-06,768.0,0,6,2019,5,4,59449,0,0
2019-06-07,0.0,0,6,2019,5,5,59418,1,0
2019-06-08,0.0,0,6,2019,5,6,59418,0,0
2019-06-09,0.0,0,6,2019,5,7,59653,0,0
2019-06-10,409.0,0,6,2019,5,8,59694,0,0
2019-06-11,404.0,0,6,2019,5,9,59950,0,0
2019-06-12,420.0,0,6,2019,5,10,60678,0,0
2019-06-13,548.0,0,6,2019,5,11,60995,0,0
2019-06-14,517.0,0,6,2019,5,12,61608,0,0
2019-06-15,439.0,0,6,2019,5,13,62001,0,0
2019-06-16,2.0,0,6,2019,5,14,62562,0,0
2019-06-17,276.0,0,6,2019,5,15,63619,0,0
2019-06-18,437.0,0,6,2019,5,16,63356,0,0
2019-06-19,330.0,0,6,2019,5,17,64155,0,0
2019-06-20,684.0,0,6,2019,5,18,64817,0,0
2019-06-21,504.0,0,6,2019,5,19,65123,0,0
2019-06-22,444.0,0,6,2019,5,20,65619,0,0
2019-06-23,1.0,0,6,2019,5,21,65847,0,0
2019-06-24,454.0,0,6,2019,5,22,66548,0,0
2019-06-25,554.0,0,6,2019,5,23,66101,0,0
2019-06-26,462.0,0,6,2019,5,24,66383,0,0
2019-06-27,841.0,0,6,2019,5,25,66688,0,0
2019-06-28,650.0,0,6,2019,5,26,66831,0,0
2019-06-29,529.0,0,6,2019,5,27,67091,0,0
2019-06-30,0.0,0,6,2019,5,28,67479,0,0
2019-07-01,333.0,0,7,2019,5,29,68467,0,0
2019-07-02,431.0,0,7,2019,5,30,68932,0,0
2019-07-03,414.0,0,7,2019,6,1,69125,0,0
2019-07-04,959.0,0,7,2019,6,2,70125,0,0
2019-07-05,661.0,0,7,2019,6,3,70328,0,0
2019-07-06,441.0,0,7,2019,6,4,70754,0,0
2019-07-07,60.0,0,7,2019,6,5,71229,0,0
2019-07-08,498.0,0,7,2019,6,6,72321,0,0
2019-07-09,478.0,0,7,2019,6,7,71826,0,0
2019-07-10,527.0,0,7,2019,6,8,72475,0,0
2019-07-11,675.0,0,7,2019,6,9,73380,0,0
2019-07-12,623.0,0,7,2019,6,10,73603,0,0
2019-07-13,384.0,0,7,2019,6,11,73616,0,0
2019-07-14,0.0,0,7,2019,6,12,73900,0,0
2019-07-15,376.0,0,7,2019,6,13,74496,0,0
2019-07-16,404.0,0,7,2019,6,14,74134,0,0
2019-07-17,407.0,0,7,2019,6,15,74584,0,0
2019-07-18,644.0,0,7,2019,6,16,75029,0,0
2019-07-19,621.0,0,7,2019,6,17,75505,0,0
2019-07-20,471.0,0,7,2019,6,18,75663,0,0
2019-07-21,95.0,0,7,2019,6,19,75941,0,0
2019-07-22,510.0,0,7,2019,6,20,76524,0,0
2019-07-23,651.0,0,7,2019,6,21,76024,0,0
2019-07-24,565.0,0,7,2019,6,22,75974,0,0
2019-07-25,891.0,0,7,2019,6,23,75855,0,0
2019-07-26,648.0,0,7,2019,6,24,75534,0,0
2019-07-27,374.0,0,7,2019,6,25,75331,0,0
2019-07-28,12.0,0,7,2019,6,26,75406,0,0
2019-07-29,471.0,0,7,2019,6,27,75686,0,0
2019-07-30,440.0,0,7,2019,6,28,75218,0,0
2019-07-31,436.0,0,7,2019,6,29,75061,0,0
2019-08-01,466.0,0,8,2019,7,1,74900,0,0
2019-08-02,266.0,0,8,2019,7,2,74843,0,0
2019-08-03,167.0,0,8,2019,7,3,74920,0,0
2019-08-04,9.0,0,8,2019,7,4,75048,0,0
2019-08-05,816.0,0,8,2019,7,5,75298,0,0
2019-08-06,402.0,0,8,2019,7,6,74490,0,0
2019-08-07,321.0,0,8,2019,7,7,74493,0,0
2019-08-08,665.0,0,8,2019,7,8,74545,0,0
2019-08-09,637.0,0,8,2019,7,9,74299,0,0
2019-08-10,588.0,0,8,2019,7,10,73983,0,0
2019-08-11,0.0,0,8,2019,7,11,73682,0,0
2019-08-12,709.0,0,8,2019,7,12,73933,0,0
2019-08-13,423.0,0,8,2019,7,13,73226,0,0
2019-08-14,392.0,0,8,2019,7,14,73124,0,0
2019-08-15,833.0,0,8,2019,7,15,73003,0,0
2019-08-16,732.0,0,8,2019,7,16,72503,0,0
2019-08-17,594.0,0,8,2019,7,17,72049,0,0
2019-08-18,0.0,0,8,2019,7,18,71658,0,0
2019-08-19,1196.0,0,8,2019,7,19,71881,0,0
2019-08-20,647.0,0,8,2019,7,20,70687,0,0
2019-08-21,327.0,0,8,2019,7,21,70293,0,0
2019-08-22,1299.0,0,8,2019,7,22,70204,0,0
2019-08-23,1341.0,0,8,2019,7,23,69283,0,0
2019-08-24,671.0,0,8,2019,7,24,68172,0,0
2019-08-25,0.0,0,8,2019,7,25,67981,0,0
2019-08-26,1274.0,0,8,2019,7,26,68373,0,0
2019-08-27,638.0,0,8,2019,7,27,67108,0,0
2019-08-28,429.0,0,8,2019,7,28,67034,0,0
2019-08-29,1011.0,0,8,2019,7,29,67062,0,0
2019-08-30,839.0,0,8,2019,8,1,66612,0,0
2019-08-31,608.0,0,8,2019,8,2,67920,0,0
2019-09-01,61.0,0,9,2019,8,3,68756,0,0
2019-09-02,325.0,0,9,2019,8,4,69971,0,0
2019-09-03,588.0,0,9,2019,8,5,70148,0,0
2019-09-04,956.0,0,9,2019,8,6,70732,0,0
2019-09-05,1414.0,0,9,2019,8,7,70836,0,0
2019-09-06,1136.0,0,9,2019,8,8,70066,0,0
2019-09-07,875.0,0,9,2019,8,9,69625,0,0
2019-09-08,4.0,0,9,2019,8,10,69437,0,0
2019-09-09,680.0,0,9,2019,8,11,69974,0,0
2019-09-10,599.0,0,9,2019,8,12,69809,0,0
2019-09-11,353.0,0,9,2019,8,13,69605,0,0
2019-09-12,1002.0,0,9,2019,8,14,69798,0,0
2019-09-13,0.0,0,9,2019,8,15,69361,1,0
2019-09-14,0.0,0,9,2019,8,16,69361,0,0
2019-09-15,1.0,0,9,2019,8,17,70005,0,0
2019-09-16,382.0,0,9,2019,8,18,70004,0,0
2019-09-17,535.0,0,9,2019,8,19,69658,0,0
2019-09-18,321.0,0,9,2019,8,20,69710,0,0
2019-09-19,636.0,0,9,2019,8,21,69681,0,0
2019-09-20,430.0,0,9,2019,8,22,69423,0,0
2019-09-21,298.0,0,9,2019,8,23,69270,0,0
2019-09-22,0.0,0,9,2019,8,24,69269,0,0
2019-09-23,436.0,0,9,2019,8,25,69520,0,0
2019-09-24,424.0,0,9,2019,8,26,69093,0,0
2019-09-25,326.0,0,9,2019,8,27,69084,0,0
2019-09-26,699.0,0,9,2019,8,28,69112,0,0
2019-09-27,537.0,0,9,2019,8,29,68817,0,0
2019-09-28,619.0,0,9,2019,8,30,68748,0,0
2019-09-29,0.0,0,9,2019,9,1,68130,0,0
2019-09-30,29.0,0,9,2019,9,2,68130,0,0
2019-10-01,119.0,0,10,2019,9,3,68101,1,0
2019-10-02,0.0,0,10,2019,9,4,67982,1,0
2019-10-03,0.0,0,10,2019,9,5,67982,1,0
2019-10-04,215.0,0,10,2019,9,6,67982,1,0
2019-10-05,437.0,0,10,2019,9,7,68238,1,0
2019-10-06,0.0,0,10,2019,9,8,68180,1,0
2019-10-07,307.0,0,10,2019,9,9,68464,1,0
2019-10-08,255.0,0,10,2019,9,10,68159,0,0
2019-10-09,354.0,0,10,2019,9,11,68231,0,0
2019-10-10,420.0,0,10,2019,9,12,67892,0,0
2019-10-11,349.0,0,10,2019,9,13,67496,0,0
2019-10-12,285.0,0,10,2019,9,14,67165,0,0
2019-10-13,0.0,0,10,2019,9,15,66894,0,0
2019-10-14,182.0,0,10,2019,9,16,66902,0,0
2019-10-15,407.0,0,10,2019,9,17,66749,0,0
2019-10-16,258.0,0,10,2019,9,18,66348,0,0
2019-10-17,358.0,0,10,2019,9,19,66097,0,0
2019-10-18,392.0,0,10,2019,9,20,65747,0,0
2019-10-19,192.0,0,10,2019,9,21,65364,0,0
2019-10-20,1.0,0,10,2019,9,22,65181,0,0
2019-10-21,151.0,0,10,2019,9,23,65185,0,0
2019-10-22,186.0,0,10,2019,9,24,65038,0,0
2019-10-23,304.0,0,10,2019,9,25,64860,0,0
2019-10-24,383.0,0,10,2019,9,26,64563,0,0
2019-10-25,398.0,0,10,2019,9,27,64186,0,0
2019-10-26,328.0,0,10,2019,9,28,63796,0,0
2019-10-27,0.0,0,10,2019,9,29,63474,0,0
2019-10-28,310.0,0,10,2019,10,1,63477,0,0
2019-10-29,201.0,0,10,2019,10,2,63171,0,0
2019-10-30,150.0,0,10,2019,10,3,62971,0,0
2019-10-31,312.0,0,10,2019,10,4,62827,0,0
2019-11-01,782.0,0,11,2019,10,5,62521,0,0
2019-11-02,36.0,0,11,2019,10,6,61747,0,0
2019-11-03,0.0,0,11,2019,10,7,61717,0,0
2019-11-04,277.0,0,11,2019,10,8,61718,0,0
2019-11-05,560.0,0,11,2019,10,9,61442,0,0
2019-11-06,345.0,0,11,2019,10,10,60883,0,0
2019-11-07,460.0,0,11,2019,10,11,60542,0,0
2019-11-08,687.0,0,11,2019,10,12,60082,0,0
2019-11-09,265.0,0,11,2019,10,13,59396,0,0
2019-11-10,0.0,0,11,2019,10,14,59131,0,0
2019-11-11,518.0,0,11,2019,10,15,59131,0,0
2019-11-12,327.0,0,11,2019,10,16,58613,0,0
2019-11-13,604.0,0,11,2019,10,17,58287,0,0
2019-11-14,440.0,0,11,2019,10,18,57684,0,0
2019-11-15,872.0,0,11,2019,10,19,57248,0,0
2019-11-16,348.0,0,11,2019,10,20,56377,0,0
2019-11-17,0.0,0,11,2019,10,21,56029,0,0
2019-11-18,612.0,0,11,2019,10,22,56029,0,0
2019-11-19,307.0,0,11,2019,10,23,55417,0,0
2019-11-20,373.0,0,11,2019,10,24,55114,0,0
2019-11-21,373.0,0,11,2019,10,25,54741,0,0
2019-11-22,500.0,0,11,2019,10,26,54370,0,0
2019-11-23,226.0,0,11,2019,10,27,53871,0,0
2019-11-24,0.0,0,11,2019,10,28,53645,0,0
2019-11-25,532.0,0,11,2019,10,29,53645,0,0
2019-11-26,382.0,0,11,2019,11,1,53113,0,0
2019-11-27,574.0,0,11,2019,11,2,52731,0,0
2019-11-28,788.0,0,11,2019,11,3,52158,0,0
2019-11-29,580.0,0,11,2019,11,4,51371,0,0
2019-11-30,1092.0,0,11,2019,11,5,50826,0,0
2019-12-01,699.0,0,12,2019,11,6,49890,0,0
2019-12-02,118.0,0,12,2019,11,7,49344,0,0
2019-12-03,73.0,0,12,2019,11,8,49239,0,0
2019-12-04,225.0,0,12,2019,11,9,49257,0,0
2019-12-05,295.0,0,12,2019,11,10,49183,0,0
2019-12-06,313.0,0,12,2019,11,11,48988,0,0
2019-12-07,171.0,0,12,2019,11,12,48743,0,0
2019-12-08,0.0,0,12,2019,11,13,48639,0,0
2019-12-09,163.0,0,12,2019,11,14,48733,0,0
2019-12-10,161.0,0,12,2019,11,15,48573,0,0
2019-12-11,177.0,0,12,2019,11,16,48535,0,0
2019-12-12,193.0,0,12,2019,11,17,48429,0,0
2019-12-13,221.0,0,12,2019,11,18,48343,0,0
2019-12-14,164.0,0,12,2019,11,19,48251,0,0
2019-12-15,0.0,0,12,2019,11,20,48575,0,0
2019-12-16,203.0,0,12,2019,11,21,48981,0,0
2019-12-17,206.0,0,12,2019,11,22,48964,0,0
2019-12-18,163.0,0,12,2019,11,23,49062,0,0
2019-12-19,468.0,0,12,2019,11,24,49197,0,0
2019-12-20,295.0,0,12,2019,11,25,49081,0,0
2019-12-21,161.0,0,12,2019,11,26,49268,0,0
2019-12-22,0.0,0,12,2019,11,27,49593,0,0
2019-12-23,310.0,0,12,2019,11,28,50037,0,0
2019-12-24,539.0,0,12,2019,11,29,49968,0,0
2019-12-25,514.0,0,12,2019,11,30,49790,0,0
2019-12-26,871.0,0,12,2019,12,1,49586,0,0
2019-12-27,547.0,0,12,2019,12,2,49011,0,0
2019-12-28,487.0,0,12,2019,12,3,48818,0,0
2019-12-29,0.0,0,12,2019,12,4,48602,0,0
2019-12-30,459.0,0,12,2019,12,5,48983,0,0
2019-12-31,249.0,0,12,2019,12,6,49051,0,0
2020-01-01,46.0,0,1,2019,12,7,50195,1,0
2020-01-02,377.0,0,1,2019,12,8,50149,0,0
2020-01-03,382.0,0,1,2019,12,9,51261,0,0
2020-01-04,679.0,0,1,2019,12,10,51524,0,0
2020-01-05,3.0,0,1,2019,12,11,51629,0,0
2020-01-06,1056.0,0,1,2019,12,12,52307,0,0
2020-01-07,552.0,0,1,2019,12,13,51978,0,0
2020-01-08,331.0,0,1,2019,12,14,52083,0,0
2020-01-09,766.0,0,1,2019,12,15,52278,0,0
2020-01-10,773.0,0,1,2019,12,16,52031,0,0
2020-01-11,510.0,0,1,2019,12,17,51935,0,0
2020-01-12,0.0,0,1,2019,12,18,52222,0,0
2020-01-13,956.0,0,1,2019,12,19,52359,0,0
2020-01-14,610.0,0,1,2019,12,20,51405,0,0
2020-01-15,1601.0,0,1,2019,12,21,51221,0,0
2020-01-16,1465.0,0,1,2019,12,22,49635,0,0
2020-01-17,434.0,0,1,2019,12,23,48308,0,0
2020-01-18,214.0,0,1,2019,12,24,47882,0,1
2020-01-19,1.0,0,1,2019,12,25,47670,0,1
2020-01-20,1.0,0,1,2019,12,26,47669,0,1
2020-01-21,0.0,0,1,2019,12,27,47668,0,1
2020-01-22,0.0,0,1,2019,12,28,47668,0,1
2020-01-23,2.0,0,1,2019,12,29,47668,0,1
2020-01-24,1.0,0,1,2019,12,30,47666,1,1
2020-01-25,0.0,0,1,2020,1,1,47665,1,1
2020-01-26,0.0,0,1,2020,1,2,47665,1,1
2020-01-27,0.0,0,1,2020,1,3,47665,1,1
2020-01-28,0.0,0,1,2020,1,4,47665,1,1
2020-01-29,0.0,0,1,2020,1,5,47665,1,1
2020-01-30,4.0,0,1,2020,1,6,47665,1,1
2020-01-31,460.0,0,1,2020,1,7,47661,0,1
2020-02-01,7.0,2,2,2020,1,8,47201,0,0
2020-02-02,88.0,2,2,2020,1,9,47194,0,0
2020-02-03,5.0,2,2,2020,1,10,47106,0,0
2020-02-04,66.0,2,2,2020,1,11,47101,0,0
2020-02-05,13.0,2,2,2020,1,12,47035,0,0
2020-02-06,10.0,2,2,2020,1,13,47022,0,0
2020-02-07,98.0,2,2,2020,1,14,47012,0,0
2020-02-08,4.0,2,2,2020,1,15,46914,0,0
2020-02-09,2.0,2,2,2020,1,16,46910,0,0
2020-02-10,38.0,2,2,2020,1,17,46908,0,0
2020-02-11,7.0,2,2,2020,1,18,46870,0,0
2020-02-12,1.0,2,2,2020,1,19,46863,0,0
2020-02-13,13.0,2,2,2020,1,20,46862,0,0
2020-02-14,6.0,2,2,2020,1,21,46849,0,0
2020-02-15,0.0,2,2,2020,1,22,46843,0,0
2020-02-16,1.0,2,2,2020,1,23,46843,0,0
2020-02-17,3.0,2,2,2020,1,24,46842,0,0
2020-02-18,6.0,2,2,2020,1,25,46839,0,0
2020-02-19,10.0,2,2,2020,1,26,46833,0,0
2020-02-20,697.0,2,2,2020,1,27,46824,0,0
2020-02-21,927.0,2,2,2020,1,28,46127,0,0
2020-02-22,145.0,2,2,2020,1,29,45201,0,0
2020-02-23,298.0,2,2,2020,2,1,45056,0,0
2020-02-24,343.0,2,2,2020,2,2,44927,0,0
2020-02-25,448.0,2,2,2020,2,3,44585,0,0
2020-02-26,34.0,2,2,2020,2,4,44328,0,0
2020-02-27,570.0,2,2,2020,2,5,44294,0,0
2020-02-28,345.0,2,2,2020,2,6,43851,0,0
2020-02-29,253.0,2,2,2020,2,7,43571,0,0
2020-03-01,16.0,2,3,2020,2,8,43928,0,0
2020-03-02,168.0,2,3,2020,2,9,44748,0,0
2020-03-03,493.0,2,3,2020,2,10,45655,0,0
2020-03-04,141.0,2,3,2020,2,11,46499,0,0
2020-03-05,363.0,2,3,2020,2,12,47653,0,0
2020-03-06,490.0,2,3,2020,2,13,49497,0,0
2020-03-07,241.0,2,3,2020,2,14,50543,0,0
2020-03-08,171.0,2,3,2020,2,15,52439,0,0
2020-03-09,448.0,2,3,2020,2,16,54041,0,0
2020-03-10,615.0,2,3,2020,2,17,54990,0,0
2020-03-11,319.0,2,3,2020,2,18,55872,0,0
2020-03-12,734.0,2,3,2020,2,19,57127,0,0
2020-03-13,781.0,2,3,2020,2,20,57831,0,0
2020-03-14,499.0,2,3,2020,2,21,58408,0,0
2020-03-15,95.0,2,3,2020,2,22,58820,0,0
2020-03-16,438.0,2,3,2020,2,23,59505,0,0
2020-03-17,1146.0,2,3,2020,2,24,59078,0,0
2020-03-18,385.0,2,3,2020,2,25,58504,0,0
2020-03-19,711.0,2,3,2020,2,26,58870,0,0
2020-03-20,447.0,2,3,2020,2,27,59085,0,0
2020-03-21,505.0,2,3,2020,2,28,59300,0,0
2020-03-22,33.0,2,3,2020,2,29,59567,0,0
2020-03-23,307.0,2,3,2020,2,30,60053,0,0
2020-03-24,558.0,2,3,2020,3,1,59759,0,0
2020-03-25,480.0,2,3,2020,3,2,59867,0,0
2020-03-26,708.0,2,3,2020,3,3,59892,0,0
2020-03-27,898.0,2,3,2020,3,4,59768,0,0
2020-03-28,526.0,2,3,2020,3,5,59377,0,0
2020-03-29,0.0,2,3,2020,3,6,59264,0,0
2020-03-30,310.0,2,3,2020,3,7,59590,0,0
2020-03-31,767.0,2,3,2020,3,8,59285,0,0
2020-04-01,524.0,2,4,2020,3,9,59087,0,0
2020-04-02,625.0,2,4,2020,3,10,58976,0,0
2020-04-03,214.0,2,4,2020,3,11,58765,0,0
2020-04-04,0.0,2,4,2020,3,12,58935,1,0
2020-04-05,0.0,2,4,2020,3,13,58935,1,0
2020-04-06,556.0,2,4,2020,3,14,58935,1,0
2020-04-07,597.0,2,4,2020,3,15,58754,0,0
2020-04-08,617.0,2,4,2020,3,16,58169,0,0
2020-04-09,531.0,2,4,2020,3,17,57555,0,0
2020-04-10,466.0,2,4,2020,3,18,57030,0,0
2020-04-11,420.0,2,4,2020,3,19,56568,0,0
2020-04-12,6.0,2,4,2020,3,20,56188,0,0
2020-04-13,367.0,2,4,2020,3,21,56187,0,0
2020-04-14,431.0,2,4,2020,3,22,55821,0,0
2020-04-15,591.0,2,4,2020,3,23,55393,0,0
2020-04-16,357.0,2,4,2020,3,24,54806,0,0
2020-04-17,540.0,2,4,2020,3,25,54454,0,0
2020-04-18,127.0,2,4,2020,3,26,53916,0,0
2020-04-19,4.0,2,4,2020,3,27,53793,0,0
2020-04-20,768.0,2,4,2020,3,28,53790,0,0
2020-04-21,412.0,2,4,2020,3,29,53022,0,0
2020-04-22,158.0,2,4,2020,3,30,52613,0,0
2020-04-23,347.0,2,4,2020,4,1,52463,0,0
2020-04-24,250.0,2,4,2020,4,2,52125,0,0
2020-04-25,196.0,2,4,2020,4,3,51881,0,0
2020-04-26,0.0,2,4,2020,4,4,51690,0,0
2020-04-27,368.0,2,4,2020,4,5,51765,0,0
2020-04-28,152.0,2,4,2020,4,6,51398,0,0
2020-04-29,419.0,2,4,2020,4,7,51247,0,0
2020-04-30,1052.0,2,4,2020,4,8,50845,0,0
2020-05-01,504.0,1,5,2020,4,9,49797,1,0
2020-05-02,0.0,1,5,2020,4,10,49293,1,0
2020-05-03,0.0,1,5,2020,4,11,49293,1,0
2020-05-04,203.0,1,5,2020,4,12,49293,1,0
2020-05-05,229.0,1,5,2020,4,13,49097,1,0
2020-05-06,349.0,1,5,2020,4,14,48874,0,0
2020-05-07,655.0,1,5,2020,4,15,48531,0,0
2020-05-08,440.0,1,5,2020,4,16,47894,0,0
2020-05-09,117.0,1,5,2020,4,17,47462,0,0
2020-05-10,0.0,1,5,2020,4,18,47361,0,0
2020-05-11,245.0,1,5,2020,4,19,47372,0,0
2020-05-12,123.0,1,5,2020,4,20,47127,0,0
2020-05-13,243.0,1,5,2020,4,21,47011,0,0
2020-05-14,170.0,1,5,2020,4,22,46912,0,0
2020-05-15,159.0,1,5,2020,4,23,46745,0,0
2020-05-16,72.0,1,5,2020,4,24,46594,0,0
2020-05-17,0.0,1,5,2020,4,25,47109,0,0
2020-05-18,174.0,1,5,2020,4,26,47344,0,0
2020-05-19,105.0,1,5,2020,4,27,47471,0,0
2020-05-20,128.0,1,5,2020,4,28,47552,0,0
2020-05-21,284.0,1,5,2020,4,29,47525,0,0
2020-05-22,310.0,1,5,2020,4,30,47439,0,0
2020-05-23,233.0,1,5,2020,4,1,47366,0,0
2020-05-24,5.0,1,5,2020,4,2,47342,0,0
2020-05-25,246.0,1,5,2020,4,3,48082,0,0
2020-05-26,384.0,1,5,2020,4,4,48564,0,0
2020-05-27,425.0,1,5,2020,4,5,48864,0,0
2020-05-28,774.0,1,5,2020,4,6,49167,0,0
2020-05-29,542.0,1,5,2020,4,7,49292,0,0
2020-05-30,524.0,1,5,2020,4,8,49686,0,0
2020-05-31,6.0,1,5,2020,4,9,50138,0,0
2020-06-01,604.0,1,6,2020,4,10,51145,0,0
2020-06-02,439.0,1,6,2020,4,11,50598,0,0
2020-06-03,470.0,1,6,2020,4,12,51170,0,0
2020-06-04,804.0,1,6,2020,4,13,51821,0,0
2020-06-05,823.0,1,6,2020,4,14,52543,0,0
2020-06-06,262.0,1,6,2020,4,15,53075,0,0
2020-06-07,0.0,1,6,2020,4,16,54083,0,0
2020-06-08,820.0,1,6,2020,4,17,55328,0,0
2020-06-09,780.0,1,6,2020,4,18,54525,0,0
2020-06-10,729.0,1,6,2020,4,19,54811,0,0
2020-06-11,805.0,1,6,2020,4,20,55241,0,0
2020-06-12,830.0,1,6,2020,4,21,55690,0,0
2020-06-13,254.0,1,6,2020,4,22,56042,0,0
2020-06-14,0.0,1,6,2020,4,23,56884,0,0
2020-06-15,1183.0,1,6,2020,4,24,57978,0,0
2020-06-16,742.0,1,6,2020,4,25,57680,0,0
2020-06-17,824.0,1,6,2020,4,26,57446,0,0
2020-06-18,1141.0,1,6,2020,4,27,57781,0,0
2020-06-19,787.0,1,6,2020,4,28,57713,0,0
2020-06-20,322.0,1,6,2020,4,29,57899,0,0
2020-06-21,8.0,1,6,2020,5,1,58510,0,0
2020-06-22,1000.0,1,6,2020,5,2,59451,0,0
2020-06-23,903.0,1,6,2020,5,3,59205,0,0
2020-06-24,8.0,1,6,2020,5,4,58743,0,0
2020-06-25,0.0,1,6,2020,5,5,59426,1,0
2020-06-26,925.0,1,6,2020,5,6,60103,1,0
2020-06-27,473.0,1,6,2020,5,7,59901,1,0
2020-06-28,589.0,1,6,2020,5,8,60495,0,0
2020-06-29,684.0,1,6,2020,5,9,60824,0,0
2020-06-30,863.0,1,6,2020,5,10,61407,0,0
2020-07-01,1030.0,1,7,2020,5,11,61611,0,0
2020-07-02,1059.0,1,7,2020,5,12,62456,0,0
2020-07-03,806.0,1,7,2020,5,13,63434,0,0
2020-07-04,471.0,1,7,2020,5,14,64748,0,0
2020-07-05,0.0,1,7,2020,5,15,66898,0,0
2020-07-06,1396.0,1,7,2020,5,16,69362,0,0
2020-07-07,1114.0,1,7,2020,5,17,69859,0,0
2020-07-08,1140.0,1,7,2020,5,18,70674,0,0
2020-07-09,1209.0,1,7,2020,5,19,71573,0,0
2020-07-10,941.0,1,7,2020,5,20,72231,0,0
2020-07-11,534.0,1,7,2020,5,21,73063,0,0
2020-07-12,0.0,1,7,2020,5,22,74094,0,0
2020-07-13,843.0,1,7,2020,5,23,75383,0,0
2020-07-14,731.0,1,7,2020,5,24,74558,0,0
2020-07-15,856.0,1,7,2020,5,25,75076,0,0
2020-07-16,926.0,1,7,2020,5,26,75380,0,0
2020-07-17,719.0,1,7,2020,5,27,75414,0,0
2020-07-18,345.0,1,7,2020,5,28,75589,0,0
2020-07-19,0.0,1,7,2020,5,29,76166,0,0
2020-07-20,828.0,1,7,2020,5,30,77019,0,0
2020-07-21,591.0,1,7,2020,6,1,76207,0,0
2020-07-22,722.0,1,7,2020,6,2,76532,0,0
2020-07-23,1018.0,1,7,2020,6,3,76710,0,0
2020-07-24,844.0,1,7,2020,6,4,76541,0,0
2020-07-25,535.0,1,7,2020,6,5,76340,0,0
2020-07-26,0.0,1,7,2020,6,6,76469,0,0
2020-07-27,941.0,1,7,2020,6,7,77112,0,0
2020-07-28,816.0,1,7,2020,6,8,76191,0,0
2020-07-29,837.0,1,7,2020,6,9,75969,0,0
2020-07-30,1274.0,1,7,2020,6,10,75815,0,0
2020-07-31,1086.0,1,7,2020,6,11,75116,0,0
2020-08-01,571.0,1,8,2020,6,12,74622,0,0
2020-08-02,3.0,1,8,2020,6,13,74566,0,0
2020-08-03,671.0,1,8,2020,6,14,75688,0,0
2020-08-04,797.0,1,8,2020,6,15,75019,0,0
2020-08-05,773.0,1,8,2020,6,16,75671,0,0
2020-08-06,1226.0,1,8,2020,6,17,76043,0,0
2020-08-07,1010.0,1,8,2020,6,18,75961,0,0
2020-08-08,699.0,1,8,2020,6,19,75772,0,0
2020-08-09,0.0,1,8,2020,6,20,75837,0,0
2020-08-10,1070.0,1,8,2020,6,21,76333,0,0
2020-08-11,971.0,1,8,2020,6,22,75275,0,0
2020-08-12,913.0,1,8,2020,6,23,75012,0,0
2020-08-13,1438.0,1,8,2020,6,24,74657,0,0
2020-08-14,308.0,1,8,2020,6,25,73667,0,0
2020-08-15,1326.0,1,8,2020,6,26,73701,0,0
2020-08-16,0.0,1,8,2020,6,27,72712,0,0
2020-08-17,1350.0,1,8,2020,6,28,73389,0,0
2020-08-18,935.0,1,8,2020,6,29,72512,0,0
2020-08-19,919.0,1,8,2020,7,1,72102,0,0
2020-08-20,1358.0,1,8,2020,7,2,71834,0,0
2020-08-21,1340.0,1,8,2020,7,3,71067,0,0
2020-08-22,1436.0,1,8,2020,7,4,70224,0,0
2020-08-23,0.0,1,8,2020,7,5,69380,0,0
2020-08-24,1777.0,1,8,2020,7,6,70032,0,0
2020-08-25,1713.0,1,8,2020,7,7,69239,0,0
2020-08-26,1962.0,1,8,2020,7,8,68131,0,0
2020-08-27,1935.0,1,8,2020,7,9,67546,0,0
2020-08-28,1429.0,1,8,2020,7,10,67036,0,0
2020-08-29,1563.0,1,8,2020,7,11,66885,0,0
2020-08-30,62.0,1,8,2020,7,12,66739,0,0
2020-08-31,2117.0,1,8,2020,7,13,68094,0,0
2020-09-01,1571.0,1,9,2020,7,14,68895,0,0
2020-09-02,1259.0,1,9,2020,7,15,67527,0,0
2020-09-03,1363.0,1,9,2020,7,16,66415,0,0
2020-09-04,1486.0,1,9,2020,7,17,66608,0,0
2020-09-05,893.0,1,9,2020,7,18,66350,0,0
2020-09-06,47.0,1,9,2020,7,19,66695,0,0
2020-09-07,1653.0,1,9,2020,7,20,67871,0,0
2020-09-08,1282.0,1,9,2020,7,21,67263,0,0
2020-09-09,880.0,1,9,2020,7,22,66651,0,0
2020-09-10,1625.0,1,9,2020,7,23,67316,0,0
2020-09-11,1290.0,1,9,2020,7,24,67067,0,0
2020-09-12,522.0,1,9,2020,7,25,67036,0,0
2020-09-13,0.0,1,9,2020,7,26,67596,0,0
2020-09-14,1067.0,1,9,2020,7,27,68697,0,0
2020-09-15,836.0,1,9,2020,7,28,67637,0,0
2020-09-16,746.0,1,9,2020,7,29,69120,0,0
2020-09-17,1130.0,1,9,2020,8,1,68584,0,0
2020-09-18,993.0,1,9,2020,8,2,68589,0,0
2020-09-19,535.0,1,9,2020,8,3,68293,0,0
2020-09-20,0.0,1,9,2020,8,4,68235,0,0
2020-09-21,1130.0,1,9,2020,8,5,68425,0,0
2020-09-22,748.0,1,9,2020,8,6,67322,0,0
2020-09-23,717.0,1,9,2020,8,7,66935,0,0
2020-09-24,1075.0,1,9,2020,8,8,66545,0,0
2020-09-25,991.0,1,9,2020,8,9,65807,0,0
2020-09-26,654.0,1,9,2020,8,10,65181,0,0
2020-09-27,0.0,1,9,2020,8,11,64909,0,0
2020-09-28,1360.0,1,9,2020,8,12,65357,0,0
2020-09-29,2036.0,1,9,2020,8,13,63997,0,0
2020-09-30,1236.0,1,9,2020,8,14,62693,0,0
2020-10-01,36.0,1,10,2020,8,15,61457,1,0
2020-10-02,0.0,1,10,2020,8,16,61421,1,0
2020-10-03,0.0,1,10,2020,8,17,61421,1,0
2020-10-04,0.0,1,10,2020,8,18,61432,1,0
2020-10-05,0.0,1,10,2020,8,19,61471,1,0
2020-10-06,752.0,1,10,2020,8,20,61541,1,0
2020-10-07,612.0,1,10,2020,8,21,61494,1,0
2020-10-08,802.0,1,10,2020,8,22,61233,1,0
2020-10-09,957.0,1,10,2020,8,23,60801,0,0
2020-10-10,401.0,1,10,2020,8,24,60313,0,0
2020-10-11,0.0,1,10,2020,8,25,60365,0,0
2020-10-12,567.0,1,10,2020,8,26,60796,0,0
2020-10-13,414.0,1,10,2020,8,27,60632,0,0
2020-10-14,435.0,1,10,2020,8,28,60531,0,0
2020-10-15,687.0,1,10,2020,8,29,60633,0,0
2020-10-16,570.0,1,10,2020,8,30,60557,0,0
2020-10-17,309.0,1,10,2020,9,1,60608,0,0
2020-10-18,15.0,1,10,2020,9,2,60934,0,0
2020-10-19,425.0,1,10,2020,9,3,61565,0,0
2020-10-20,537.0,1,10,2020,9,4,61669,0,0
2020-10-21,439.0,1,10,2020,9,5,61551,0,0
2020-10-22,656.0,1,10,2020,9,6,61858,0,0
2020-10-23,676.0,1,10,2020,9,7,61970,0,0
2020-10-24,401.0,1,10,2020,9,8,62002,0,0
2020-10-25,2.0,1,10,2020,9,9,62283,0,0
2020-10-26,603.0,1,10,2020,9,10,62803,0,0
2020-10-27,791.0,1,10,2020,9,11,62657,0,0
2020-10-28,650.0,1,10,2020,9,12,62094,0,0
2020-10-29,868.0,1,10,2020,9,13,61977,0,0
2020-10-30,680.0,1,10,2020,9,14,61594,0,0
2020-10-31,581.0,1,10,2020,9,15,61465,0,0
2020-11-01,36.0,1,11,2020,9,16,61264,0,0
2020-11-02,789.0,1,11,2020,9,17,61721,0,0
2020-11-03,557.0,1,11,2020,9,18,61329,0,0
2020-11-04,473.0,1,11,2020,9,19,61086,0,0
2020-11-05,773.0,1,11,2020,9,20,61253,0,0
2020-11-06,595.0,1,11,2020,9,21,61046,0,0
2020-11-07,450.0,1,11,2020,9,22,60984,0,0
2020-11-08,0.0,1,11,2020,9,23,61023,0,0
2020-11-09,599.0,1,11,2020,9,24,61536,0,0
2020-11-10,525.0,1,11,2020,9,25,61355,0,0
2020-11-11,406.0,1,11,2020,9,26,61008,0,0
2020-11-12,652.0,1,11,2020,9,27,61070,0,0
2020-11-13,478.0,1,11,2020,9,28,60889,0,0
2020-11-14,229.0,1,11,2020,9,29,60818,0,0
2020-11-15,4.0,1,11,2020,10,1,61455,0,0
2020-11-16,553.0,1,11,2020,10,2,62472,0,0
2020-11-17,547.0,1,11,2020,10,3,62843,0,0
2020-11-18,434.0,1,11,2020,10,4,62833,0,0
2020-11-19,858.0,1,11,2020,10,5,63563,0,0
2020-11-20,709.0,1,11,2020,10,6,63790,0,0
2020-11-21,290.0,1,11,2020,10,7,64175,0,0
2020-11-22,3.0,1,11,2020,10,8,64946,0,0
2020-11-23,758.0,1,11,2020,10,9,65954,0,0
2020-11-24,818.0,1,11,2020,10,10,65961,0,0
2020-11-25,646.0,1,11,2020,10,11,65609,0,0
2020-11-26,1141.0,1,11,2020,10,12,65878,0,0
2020-11-27,776.0,1,11,2020,10,13,65606,0,0
2020-11-28,504.0,1,11,2020,10,14,65744,0,0
2020-11-29,0.0,1,11,2020,10,15,66045,0,0
2020-11-30,1045.0,1,11,2020,10,16,66781,0,0
2020-12-01,3009.0,1,12,2020,10,17,66142,0,0
2020-12-02,581.0,1,12,2020,10,18,63243,0,0
2020-12-03,636.0,1,12,2020,10,19,63238,0,0
2020-12-04,584.0,1,12,2020,10,20,63120,0,0
2020-12-05,360.0,1,12,2020,10,21,63055,0,0
2020-12-06,7.0,1,12,2020,10,22,63371,0,0
2020-12-07,612.0,1,12,2020,10,23,63922,0,0
2020-12-08,528.0,1,12,2020,10,24,63807,0,0
2020-12-09,470.0,1,12,2020,10,25,63537,0,0
2020-12-10,914.0,1,12,2020,10,26,63658,0,0
2020-12-11,532.0,1,12,2020,10,27,63379,0,0
2020-12-12,286.0,1,12,2020,10,28,63574,0,0
2020-12-13,33.0,1,12,2020,10,29,64194,0,0
2020-12-14,579.0,1,12,2020,10,30,65002,0,0
2020-12-15,584.0,1,12,2020,11,1,65155,0,0
2020-12-16,557.0,1,12,2020,11,2,64944,0,0
2020-12-17,828.0,1,12,2020,11,3,65363,0,0
2020-12-18,560.0,1,12,2020,11,4,65270,0,0
2020-12-19,349.0,1,12,2020,11,5,65577,0,0
2020-12-20,5.0,1,12,2020,11,6,65967,0,0
2020-12-21,608.0,1,12,2020,11,7,66617,0,0
2020-12-22,538.0,1,12,2020,11,8,66615,0,0
2020-12-23,665.0,1,12,2020,11,9,66399,0,0
2020-12-24,1075.0,1,12,2020,11,10,66544,0,0
2020-12-25,736.0,1,12,2020,11,11,66302,0,0
2020-12-26,382.0,1,12,2020,11,12,66449,0,0
2020-12-27,3.0,1,12,2020,11,13,67012,0,0
2020-12-28,670.0,1,12,2020,11,14,67753,0,0
2020-12-29,751.0,1,12,2020,11,15,67782,0,0
2020-12-30,842.0,1,12,2020,11,16,67175,0,0
2020-12-31,2080.0,1,12,2020,11,17,67301,0,0
2021-01-01,20.0,1,1,2020,11,18,66068,1,0
2021-01-02,13.0,1,1,2020,11,19,66048,1,0
2021-01-03,18.0,1,1,2020,11,20,66793,1,0
2021-01-04,1260.0,1,1,2020,11,21,67727,0,0
2021-01-05,634.0,1,1,2020,11,22,67124,0,0
2021-01-06,494.0,1,1,2020,11,23,67220,0,0
2021-01-07,1020.0,1,1,2020,11,24,67615,0,0
2021-01-08,782.0,1,1,2020,11,25,67543,0,0
2021-01-09,616.0,1,1,2020,11,26,67470,0,0
2021-01-10,0.0,1,1,2020,11,27,67526,0,0
2021-01-11,829.0,1,1,2020,11,28,68040,0,0
2021-01-12,716.0,1,1,2020,11,29,67217,0,0
2021-01-13,616.0,1,1,2020,12,1,67698,0,0
2021-01-14,1151.0,1,1,2020,12,2,67604,0,0
2021-01-15,1223.0,1,1,2020,12,3,66826,0,0
2021-01-16,468.0,1,1,2020,12,4,65966,0,0
2021-01-17,5.0,1,1,2020,12,5,65814,0,0
2021-01-18,900.0,1,1,2020,12,6,66057,0,0
2021-01-19,626.0,1,1,2020,12,7,65471,0,0
2021-01-20,587.0,1,1,2020,12,8,65036,0,0
2021-01-21,1304.0,1,1,2020,12,9,64746,0,0
2021-01-22,843.0,1,1,2020,12,10,63669,0,0
2021-01-23,514.0,1,1,2020,12,11,63014,0,0
2021-01-24,0.0,1,1,2020,12,12,62709,0,0
2021-01-25,1444.0,1,1,2020,12,13,62855,0,0
2021-01-26,1207.0,1,1,2020,12,14,61416,0,0
2021-01-27,865.0,1,1,2020,12,15,60369,0,0
2021-01-28,1718.0,1,1,2020,12,16,59628,0,0
2021-01-29,1226.0,1,1,2020,12,17,58009,0,0
2021-01-30,907.0,1,1,2020,12,18,56881,0,0
2021-01-31,0.0,1,1,2020,12,19,56108,0,0
2021-02-01,8219.0,1,2,2020,12,20,56191,0,0
2021-02-02,756.0,1,2,2020,12,21,47990,0,0
2021-02-03,601.0,1,2,2020,12,22,47330,0,0
2021-02-04,1373.0,1,2,2020,12,23,46765,0,0
2021-02-05,1291.0,1,2,2020,12,24,45414,0,1
2021-02-06,305.0,1,2,2020,12,25,44142,0,1
2021-02-07,1.0,1,2,2020,12,26,43838,0,1
2021-02-08,0.0,1,2,2020,12,27,43837,0,1
2021-02-09,0.0,1,2,2020,12,28,43839,0,1
2021-02-10,0.0,1,2,2020,12,29,43839,0,1
2021-02-11,0.0,1,2,2020,12,30,43839,1,1
2021-02-12,0.0,1,2,2021,1,1,43839,1,1
2021-02-13,0.0,1,2,2021,1,2,43839,1,1
2021-02-14,0.0,1,2,2021,1,3,43839,1,1
2021-02-15,0.0,1,2,2021,1,4,43839,1,1
2021-02-16,0.0,1,2,2021,1,5,43839,1,1
2021-02-17,0.0,1,2,2021,1,6,43839,1,1
2021-02-18,239.0,1,2,2021,1,7,43839,0,1
2021-02-19,207.0,1,2,2021,1,8,43645,0,0
2021-02-20,96.0,1,2,2021,1,9,43590,0,0
2021-02-21,0.0,1,2,2021,1,10,43615,0,0
2021-02-22,261.0,1,2,2021,1,11,43776,0,0
2021-02-23,397.0,1,2,2021,1,12,43515,0,0
2021-02-24,264.0,1,2,2021,1,13,43430,0,0
2021-02-25,950.0,1,2,2021,1,14,43389,0,0
2021-02-26,763.0,1,2,2021,1,15,42758,0,0
2021-02-27,319.0,1,2,2021,1,16,42255,0,0
2021-02-28,0.0,1,2,2021,1,17,42171,0,0
2021-03-01,2011.0,1,3,2021,1,18,42406,0,0
2021-03-02,293.0,1,3,2021,1,19,40402,0,0
2021-03-03,196.0,1,3,2021,1,20,40501,0,0
2021-03-04,457.0,1,3,2021,1,21,40597,0,0
2021-03-05,274.0,1,3,2021,1,22,40585,0,0
2021-03-06,198.0,1,3,2021,1,23,40710,0,0
2021-03-07,1.0,1,3,2021,1,24,40895,0,0
2021-03-08,178.0,1,3,2021,1,25,41439,0,0
2021-03-09,240.0,1,3,2021,1,26,41263,0,0
2021-03-10,230.0,1,3,2021,1,27,41822,0,0
2021-03-11,404.0,1,3,2021,1,28,42241,0,0
2021-03-12,364.0,1,3,2021,1,29,42621,0,0
2021-03-13,291.0,1,3,2021,2,1,42995,0,0
2021-03-14,1.0,1,3,2021,2,2,43266,0,0
2021-03-15,242.0,1,3,2021,2,3,43757,0,0
2021-03-16,409.0,1,3,2021,2,4,43869,0,0
2021-03-17,409.0,1,3,2021,2,5,43684,0,0
2021-03-18,552.0,1,3,2021,2,6,43695,0,0
2021-03-19,367.0,1,3,2021,2,7,43588,0,0
2021-03-20,240.0,1,3,2021,2,8,43544,0,0
2021-03-21,7.0,1,3,2021,2,9,43596,0,0
2021-03-22,205.0,1,3,2021,2,10,43852,0,0
2021-03-23,373.0,1,3,2021,2,11,43810,0,0
2021-03-24,335.0,1,3,2021,2,12,43597,0,0
2021-03-25,562.0,1,3,2021,2,13,43491,0,0
2021-03-26,403.0,1,3,2021,2,14,43189,0,0
2021-03-27,269.0,1,3,2021,2,15,42991,0,0
2021-03-28,0.0,1,3,2021,2,16,42954,0,0
2021-03-29,245.0,1,3,2021,2,17,43133,0,0
2021-03-30,309.0,1,3,2021,2,18,42900,0,0
2021-03-31,242.0,1,3,2021,2,19,42804,0,0
2021-04-01,243.0,1,4,2021,2,20,42766,0,0
2021-04-02,184.0,1,4,2021,2,21,42768,0,0
2021-04-03,218.0,1,4,2021,2,22,42740,1,0
2021-04-04,0.0,1,4,2021,2,23,42522,1,0
2021-04-05,0.0,1,4,2021,2,24,42522,1,0
2021-04-06,172.0,1,4,2021,2,25,42522,0,0
2021-04-07,131.0,1,4,2021,2,26,42755,0,0
2021-04-08,239.0,1,4,2021,2,27,42734,0,0
2021-04-09,254.0,1,4,2021,2,28,42633,0,0
2021-04-10,214.0,1,4,2021,2,29,42613,0,0
2021-04-11,0.0,1,4,2021,2,30,42612,0,0
2021-04-12,220.0,1,4,2021,3,1,42805,0,0
2021-04-13,169.0,1,4,2021,3,2,42733,0,0
2021-04-14,138.0,1,4,2021,3,3,42665,0,0
2021-04-15,251.0,1,4,2021,3,4,42768,0,0
2021-04-16,216.0,1,4,2021,3,5,42784,0,0
2021-04-17,138.0,1,4,2021,3,6,42755,0,0
2021-04-18,0.0,1,4,2021,3,7,42776,0,0
2021-04-19,174.0,1,4,2021,3,8,42921,0,0
2021-04-20,146.0,1,4,2021,3,9,42765,0,0
2021-04-21,148.0,1,4,2021,3,10,42798,0,0
2021-04-22,209.0,1,4,2021,3,11,42796,0,0
2021-04-23,317.0,1,4,2021,3,12,42780,0,0
2021-04-24,175.0,1,4,2021,3,13,42635,0,0
2021-04-25,2.0,1,4,2021,3,14,42771,0,0
2021-04-26,240.0,1,4,2021,3,15,43053,0,0
2021-04-27,293.0,1,4,2021,3,16,42954,0,0
2021-04-28,266.0,1,4,2021,3,17,42774,0,0
2021-04-29,412.0,1,4,2021,3,18,42715,0,0
2021-04-30,397.0,1,4,2021,3,19,42661,0,0
2021-05-01,33.0,1,5,2021,3,20,42580,1,0
2021-05-02,0.0,1,5,2021,3,21,42547,1,0
2021-05-03,0.0,1,5,2021,3,22,42547,1,0
2021-05-04,249.0,1,5,2021,3,23,42547,1,0
2021-05-05,201.0,1,5,2021,3,24,43421,1,0
2021-05-06,314.0,1,5,2021,3,25,43804,0,0
2021-05-07,498.0,1,5,2021,3,26,44528,0,0
2021-05-08,128.0,1,5,2021,3,27,44946,0,0
2021-05-09,9.0,1,5,2021,3,28,45706,0,0
2021-05-10,593.0,1,5,2021,3,29,46729,0,0
2021-05-11,708.0,1,5,2021,3,30,46970,0,0
2021-05-12,552.0,1,5,2021,4,1,46876,0,0
2021-05-13,719.0,1,5,2021,4,2,47052,0,0
2021-05-14,549.0,1,5,2021,4,3,47034,0,0
2021-05-15,172.0,1,5,2021,4,4,47087,0,0
2021-05-16,0.0,1,5,2021,4,5,47411,0,0
2021-05-17,561.0,1,5,2021,4,6,47943,0,0
2021-05-18,525.0,1,5,2021,4,7,47907,0,0
2021-05-19,468.0,1,5,2021,4,8,47736,0,0
2021-05-20,548.0,1,5,2021,4,9,47723,0,0
2021-05-21,466.0,1,5,2021,4,10,47816,0,0
2021-05-22,226.0,1,5,2021,4,11,48026,0,0
2021-05-23,2.0,1,5,2021,4,12,48326,0,0
2021-05-24,639.0,1,5,2021,4,13,48958,0,0
2021-05-25,512.0,1,5,2021,4,14,48905,0,0
2021-05-26,574.0,1,5,2021,4,15,48748,0,0
2021-05-27,745.0,1,5,2021,4,16,48749,0,0
2021-05-28,743.0,1,5,2021,4,17,48615,0,0
2021-05-29,210.0,1,5,2021,4,18,48680,0,0
2021-05-30,3.0,1,5,2021,4,19,49316,0,0
2021-05-31,1112.0,1,5,2021,4,20,50132,0,0
2021-06-01,679.0,1,6,2021,4,21,49816,0,0
2021-06-02,497.0,1,6,2021,4,22,49616,0,0
2021-06-03,750.0,1,6,2021,4,23,50063,0,0
2021-06-04,886.0,1,6,2021,4,24,50217,0,0
2021-06-05,277.0,1,6,2021,4,25,50368,0,0
2021-06-06,7.0,1,6,2021,4,26,51186,0,0
2021-06-07,939.0,1,6,2021,4,27,52043,0,0
2021-06-08,627.0,1,6,2021,4,28,51922,0,0
2021-06-09,621.0,1,6,2021,4,29,51716,0,0
2021-06-10,841.0,1,6,2021,5,1,51905,0,0
2021-06-11,744.0,1,6,2021,5,2,51892,0,0
2021-06-12,231.0,1,6,2021,5,3,51927,1,0
2021-06-13,0.0,1,6,2021,5,4,51699,1,0
2021-06-14,0.0,1,6,2021,5,5,51699,1,0
2021-06-15,786.0,1,6,2021,5,6,51699,0,0
2021-06-16,554.0,1,6,2021,5,7,53626,0,0
2021-06-17,499.0,1,6,2021,5,8,53906,0,0
2021-06-18,823.0,1,6,2021,5,9,54441,0,0
2021-06-19,342.0,1,6,2021,5,10,54858,0,0
2021-06-20,3.0,1,6,2021,5,11,55932,0,0
2021-06-21,676.0,1,6,2021,5,12,57177,0,0
2021-06-22,584.0,1,6,2021,5,13,57530,0,0
2021-06-23,539.0,1,6,2021,5,14,57468,0,0
2021-06-24,880.0,1,6,2021,5,15,57750,0,0
2021-06-25,609.0,1,6,2021,5,16,57668,0,0
2021-06-26,249.0,1,6,2021,5,17,57953,0,0
2021-06-27,2.0,1,6,2021,5,18,58591,0,0
2021-06-28,765.0,1,6,2021,5,19,59709,0,0
2021-06-29,706.0,1,6,2021,5,20,60053,0,0
2021-06-30,605.0,1,6,2021,5,21,60494,0,0
2021-07-01,550.0,1,7,2021,5,22,61462,0,0
2021-07-02,495.0,1,7,2021,5,23,62330,0,0
2021-07-03,196.0,1,7,2021,5,24,62964,0,0
2021-07-04,9.0,1,7,2021,5,25,63954,0,0
2021-07-05,780.0,1,7,2021,5,26,65127,0,0
2021-07-06,457.0,1,7,2021,5,27,64350,0,0
2021-07-07,623.0,1,7,2021,5,28,65706,0,0
2021-07-08,773.0,1,7,2021,5,29,66469,0,0
2021-07-09,714.0,1,7,2021,5,30,66922,0,0
2021-07-10,176.0,1,7,2021,6,1,67023,0,0
2021-07-11,5.0,1,7,2021,6,2,67776,0,0
2021-07-12,748.0,1,7,2021,6,3,68664,0,0
2021-07-13,520.0,1,7,2021,6,4,67920,0,0
2021-07-14,473.0,1,7,2021,6,5,68321,0,0
2021-07-15,647.0,1,7,2021,6,6,68831,0,0
2021-07-16,543.0,1,7,2021,6,7,68953,0,0
2021-07-17,238.0,1,7,2021,6,8,69081,0,0
2021-07-18,0.0,1,7,2021,6,9,69455,0,0
2021-07-19,505.0,1,7,2021,6,10,69993,0,0
2021-07-20,437.0,1,7,2021,6,11,69490,0,0
2021-07-21,386.0,1,7,2021,6,12,69689,0,0
2021-07-22,617.0,1,7,2021,6,13,69849,0,0
2021-07-23,579.0,1,7,2021,6,14,69729,0,0
2021-07-24,226.0,1,7,2021,6,15,69582,0,0
2021-07-25,1.0,1,7,2021,6,16,69808,0,0
2021-07-26,732.0,1,7,2021,6,17,70165,0,0
2021-07-27,660.0,1,7,2021,6,18,69434,0,0
2021-07-28,639.0,1,7,2021,6,19,69112,0,0
2021-07-29,846.0,1,7,2021,6,20,68940,0,0
2021-07-30,995.0,1,7,2021,6,21,68569,0,0
2021-07-31,245.0,1,7,2021,6,22,68033,0,0
2021-08-01,7.0,1,8,2021,6,23,68195,0,0
2021-08-02,915.0,1,8,2021,6,24,68526,0,0
2021-08-03,536.0,1,8,2021,6,25,67613,0,0
2021-08-04,511.0,1,8,2021,6,26,67437,0,0
2021-08-05,843.0,1,8,2021,6,27,67672,0,0
2021-08-06,770.0,1,8,2021,6,28,67424,0,0
2021-08-07,288.0,1,8,2021,6,29,66783,0,0
2021-08-08,0.0,1,8,2021,7,1,66601,0,0
2021-08-09,967.0,1,8,2021,7,2,66687,0,0
2021-08-10,788.0,1,8,2021,7,3,66198,0,0
2021-08-11,918.0,1,8,2021,7,4,65712,0,0
2021-08-12,1039.0,1,8,2021,7,5,65365,0,0
2021-08-13,1119.0,1,8,2021,7,6,64927,0,0
2021-08-14,245.0,1,8,2021,7,7,64250,0,0
2021-08-15,0.0,1,8,2021,7,8,64360,0,0
2021-08-16,1492.0,1,8,2021,7,9,64759,0,0
2021-08-17,763.0,1,8,2021,7,10,63269,0,0
2021-08-18,752.0,1,8,2021,7,11,62975,0,0
2021-08-19,991.0,1,8,2021,7,12,62712,0,0
2021-08-20,1397.0,1,8,2021,7,13,62244,0,0
2021-08-21,354.0,1,8,2021,7,14,61298,0,0
2021-08-22,0.0,1,8,2021,7,15,61403,0,0
2021-08-23,1393.0,1,8,2021,7,16,61834,0,0
2021-08-24,834.0,1,8,2021,7,17,60444,0,0
2021-08-25,1208.0,1,8,2021,7,18,60142,0,0
2021-08-26,2008.0,1,8,2021,7,19,59349,0,0
2021-08-27,1568.0,1,8,2021,7,20,57752,0,0
2021-08-28,289.0,1,8,2021,7,21,56558,0,0
2021-08-29,0.0,1,8,2021,7,22,56578,0,0
2021-08-30,1531.0,1,8,2021,7,23,56927,0,0
2021-08-31,1238.0,1,8,2021,7,24,55400,0,0
2021-09-01,1477.0,1,9,2021,7,25,54702,0,0
2021-09-02,710.0,1,9,2021,7,26,53708,0,0
2021-09-03,497.0,1,9,2021,7,27,53572,0,0
2021-09-04,320.0,1,9,2021,7,28,53716,0,0
2021-09-05,0.0,1,9,2021,7,29,54279,0,0
2021-09-06,1007.0,1,9,2021,7,30,55146,0,0
2021-09-07,599.0,1,9,2021,8,1,54142,0,0
2021-09-08,598.0,1,9,2021,8,2,54680,0,0
2021-09-09,824.0,1,9,2021,8,3,55143,0,0
2021-09-10,763.0,1,9,2021,8,4,55440,0,0
2021-09-11,230.0,1,9,2021,8,5,55785,0,0
2021-09-12,0.0,1,9,2021,8,6,56606,0,0
2021-09-13,812.0,1,9,2021,8,7,57903,0,0
2021-09-14,660.0,1,9,2021,8,8,57094,0,0
2021-09-15,606.0,1,9,2021,8,9,58123,0,0
2021-09-16,812.0,1,9,2021,8,10,58795,0,0
2021-09-17,868.0,1,9,2021,8,11,59397,0,0
2021-09-18,230.0,1,9,2021,8,12,59274,0,0
2021-09-19,1.0,1,9,2021,8,13,59745,1,0
2021-09-20,839.0,1,9,2021,8,14,60389,1,0
2021-09-21,0.0,1,9,2021,8,15,59551,1,0
2021-09-22,505.0,1,9,2021,8,16,59551,0,0
2021-09-23,548.0,1,9,2021,8,17,59620,0,0
2021-09-24,838.0,1,9,2021,8,18,59371,0,0
2021-09-25,206.0,1,9,2021,8,19,59109,0,0
2021-09-26,4.0,1,9,2021,8,20,59497,0,0
2021-09-27,1130.0,1,9,2021,8,21,60203,0,0
2021-09-28,809.0,1,9,2021,8,22,59073,0,0
2021-09-29,745.0,1,9,2021,8,23,58534,0,0
2021-09-30,1242.0,1,9,2021,8,24,58149,0,0
2021-10-01,8.0,1,10,2021,8,25,57184,1,0
2021-10-02,0.0,1,10,2021,8,26,57176,1,0
2021-10-03,0.0,1,10,2021,8,27,57176,1,0
2021-10-04,0.0,1,10,2021,8,28,57176,1,0
2021-10-05,0.0,1,10,2021,8,29,57176,1,0
2021-10-06,783.0,1,10,2021,9,1,57176,1,0
2021-10-07,392.0,1,10,2021,9,2,56712,1,0
2021-10-08,332.0,1,10,2021,9,3,56587,0,0
2021-10-09,158.0,1,10,2021,9,4,57363,0,0
2021-10-10,0.0,1,10,2021,9,5,58118,0,0
2021-10-11,898.0,1,10,2021,9,6,58642,0,0
2021-10-12,399.0,1,10,2021,9,7,57746,0,0
2021-10-13,399.0,1,10,2021,9,8,57502,0,0
2021-10-14,632.0,1,10,2021,9,9,57738,0,0
2021-10-15,450.0,1,10,2021,9,10,57721,0,0
2021-10-16,87.0,1,10,2021,9,11,57298,0,0
2021-10-17,0.0,1,10,2021,9,12,57301,0,0
2021-10-18,481.0,1,10,2021,9,13,57365,0,0
2021-10-19,293.0,1,10,2021,9,14,56886,0,0
2021-10-20,265.0,1,10,2021,9,15,57132,0,0
2021-10-21,252.0,1,10,2021,9,16,57053,0,0
2021-10-22,264.0,1,10,2021,9,17,56957,0,0
2021-10-23,111.0,1,10,2021,9,18,56857,0,0
2021-10-24,2.0,1,10,2021,9,19,57263,0,0
2021-10-25,353.0,1,10,2021,9,20,57737,0,0
2021-10-26,335.0,1,10,2021,9,21,57386,0,0
2021-10-27,428.0,1,10,2021,9,22,57451,0,0
2021-10-28,578.0,1,10,2021,9,23,57616,0,0
2021-10-29,465.0,1,10,2021,9,24,57518,0,0
2021-10-30,153.0,1,10,2021,9,25,57537,0,0
2021-10-31,1.0,1,10,2021,9,26,57827,0,0
2021-11-01,515.0,1,11,2021,9,27,58219,0,0
2021-11-02,261.0,1,11,2021,9,28,57709,0,0
2021-11-03,334.0,1,11,2021,9,29,57798,0,0
2021-11-04,543.0,1,11,2021,9,30,57976,0,0
2021-11-05,375.0,1,11,2021,10,1,57847,0,0
2021-11-06,168.0,1,11,2021,10,2,57861,0,0
2021-11-07,0.0,1,11,2021,10,3,58061,0,0
2021-11-08,462.0,1,11,2021,10,4,58461,0,0
2021-11-09,327.0,1,11,2021,10,5,58004,0,0
2021-11-10,332.0,1,11,2021,10,6,58008,0,0
2021-11-11,490.0,1,11,2021,10,7,57953,0,0
2021-11-12,350.0,1,11,2021,10,8,57711,0,0
2021-11-13,78.0,1,11,2021,10,9,57557,0,0
2021-11-14,1.0,1,11,2021,10,10,57699,0,0
2021-11-15,354.0,1,11,2021,10,11,57908,0,0
2021-11-16,286.0,1,11,2021,10,12,57724,0,0
2021-11-17,186.0,1,11,2021,10,13,57464,0,0
2021-11-18,325.0,1,11,2021,10,14,57537,0,0
2021-11-19,256.0,1,11,2021,10,15,57441,0,0
2021-11-20,80.0,1,11,2021,10,16,57388,0,0
2021-11-21,0.0,1,11,2021,10,17,57488,0,0
2021-11-22,283.0,1,11,2021,10,18,57673,0,0
2021-11-23,217.0,1,11,2021,10,19,57394,0,0
2021-11-24,237.0,1,11,2021,10,20,57398,0,0
2021-11-25,391.0,1,11,2021,10,21,57407,0,0
2021-11-26,385.0,1,11,2021,10,22,57244,0,0
2021-11-27,108.0,1,11,2021,10,23,57015,0,0
2021-11-28,3.0,1,11,2021,10,24,57104,0,0
2021-11-29,417.0,1,11,2021,10,25,57267,0,0
2021-11-30,408.0,1,11,2021,10,26,56852,0,0
2021-12-01,474.0,1,12,2021,10,27,56593,0,0
2021-12-02,260.0,1,12,2021,10,28,56523,0,0
2021-12-03,279.0,1,12,2021,10,29,56655,0,0
2021-12-04,144.0,1,12,2021,11,1,56582,0,0
2021-12-05,0.0,1,12,2021,11,2,56544,0,0
2021-12-06,498.0,1,12,2021,11,3,56678,0,0
2021-12-07,265.0,1,12,2021,11,4,56181,0,0
2021-12-08,240.0,1,12,2021,11,5,55960,0,0
2021-12-09,329.0,1,12,2021,11,6,55772,0,0
2021-12-10,452.0,1,12,2021,11,7,55488,0,0
2021-12-11,66.0,1,12,2021,11,8,55086,0,0
2021-12-12,0.0,1,12,2021,11,9,55116,0,0
2021-12-13,282.0,1,12,2021,11,10,55141,0,0
2021-12-14,205.0,1,12,2021,11,11,54870,0,0
2021-12-15,220.0,1,12,2021,11,12,54713,0,0
2021-12-16,255.0,1,12,2021,11,13,54527,0,0
2021-12-17,229.0,1,12,2021,11,14,54291,0,0
2021-12-18,69.0,1,12,2021,11,15,54085,0,0
2021-12-19,0.0,1,12,2021,11,16,54039,0,0
2021-12-20,268.0,1,12,2021,11,17,54060,0,0
2021-12-21,160.0,1,12,2021,11,18,53797,0,0
2021-12-22,250.0,1,12,2021,11,19,53661,0,0
2021-12-23,381.0,1,12,2021,11,20,53450,0,0
2021-12-24,544.0,1,12,2021,11,21,53120,0,0
2021-12-25,192.0,1,12,2021,11,22,52615,0,0
2021-12-26,1.0,1,12,2021,11,23,52491,0,0
2021-12-27,810.0,1,12,2021,11,24,52532,0,0
2021-12-28,621.0,1,12,2021,11,25,51724,0,0
2021-12-29,1587.0,1,12,2021,11,26,51243,0,0
2021-12-30,4269.0,1,12,2021,11,27,49701,0,0
2021-12-31,995.0,1,12,2021,11,28,45489,0,0
2022-01-01,45.0,1,1,2021,11,29,44579,1,0
2022-01-02,1.0,1,1,2021,11,30,44536,1,0
2022-01-03,4.0,1,1,2021,12,1,45026,1,0
2022-01-04,240.0,1,1,2021,12,2,45182,0,0
2022-01-05,213.0,1,1,2021,12,3,45310,0,0
2022-01-06,356.0,1,1,2021,12,4,45483,0,0
2022-01-07,534.0,1,1,2021,12,5,45354,0,0
2022-01-08,212.0,1,1,2021,12,6,44967,0,0
2022-01-09,0.0,1,1,2021,12,7,44938,0,0
2022-01-10,591.0,1,1,2021,12,8,45083,0,0
2022-01-11,309.0,1,1,2021,12,9,44681,0,0
2022-01-12,335.0,1,1,2021,12,10,44462,0,0
2022-01-13,649.0,1,1,2021,12,11,44267,0,0
2022-01-14,782.0,1,1,2021,12,12,43740,0,0
2022-01-15,370.0,1,1,2021,12,13,43035,0,0
2022-01-16,1.0,1,1,2021,12,14,42748,0,0
2022-01-17,847.0,1,1,2021,12,15,42792,0,0
2022-01-18,406.0,1,1,2021,12,16,41975,0,0
2022-01-19,411.0,1,1,2021,12,17,41590,0,0
2022-01-20,1242.0,1,1,2021,12,18,41215,0,0
2022-01-21,1260.0,1,1,2021,12,19,40007,0,0
2022-01-22,256.0,1,1,2021,12,20,38775,0,0
2022-01-23,0.0,1,1,2021,12,21,38552,0,0
2022-01-24,1619.0,1,1,2021,12,22,38553,0,0
2022-01-25,120.0,1,1,2021,12,23,36936,0,0
2022-01-26,193.0,1,1,2021,12,24,36817,0,1
2022-01-27,183.0,1,1,2021,12,25,36628,0,1
2022-01-28,0.0,1,1,2021,12,26,36448,0,1
2022-01-29,0.0,1,1,2021,12,27,36448,0,1
2022-01-30,0.0,1,1,2021,12,28,36448,0,1
2022-01-31,0.0,1,1,2021,12,29,36448,1,1
2022-02-01,3.0,1,2,2022,1,1,36448,1,1
2022-02-02,0.0,1,2,2022,1,2,36445,1,1
2022-02-03,0.0,1,2,2022,1,3,36446,1,1
2022-02-04,1.0,1,2,2022,1,4,36446,1,1
2022-02-05,1.0,1,2,2022,1,5,36445,1,1
2022-02-06,0.0,1,2,2022,1,6,36445,1,1
2022-02-07,1.0,1,2,2022,1,7,36445,0,1
2022-02-08,54.0,1,2,2022,1,8,36444,0,0
2022-02-09,76.0,1,2,2022,1,9,36424,0,0
2022-02-10,150.0,1,2,2022,1,10,36371,0,0
2022-02-11,298.0,1,2,2022,1,11,36322,0,0
2022-02-12,70.0,1,2,2022,1,12,36188,0,0
2022-02-13,0.0,1,2,2022,1,13,36246,0,0
2022-02-14,237.0,1,2,2022,1,14,36396,0,0
2022-02-15,181.0,1,2,2022,1,15,36162,0,0
2022-02-16,136.0,1,2,2022,1,16,36233,0,0
2022-02-17,246.0,1,2,2022,1,17,36339,0,0
2022-02-18,210.0,1,2,2022,1,18,36365,0,0
2022-02-19,86.0,1,2,2022,1,19,36387,0,0
2022-02-20,1.0,1,2,2022,1,20,36526,0,0
2022-02-21,235.0,1,2,2022,1,21,36802,0,0
2022-02-22,142.0,1,2,2022,1,22,36767,0,0
2022-02-23,270.0,1,2,2022,1,23,36765,0,0
2022-02-24,539.0,1,2,2022,1,24,36784,0,0
2022-02-25,653.0,1,2,2022,1,25,36561,0,0
2022-02-26,317.0,1,2,2022,1,26,36202,0,0
2022-02-27,0.0,1,2,2022,1,27,36350,0,0
2022-02-28,764.0,1,2,2022,1,28,36949,0,0
2022-03-01,515.0,1,3,2022,1,29,36189,0,0
2022-03-02,213.0,1,3,2022,1,30,36421,0,0
2022-03-03,272.0,1,3,2022,2,1,36635,0,0
2022-03-04,287.0,1,3,2022,2,2,36804,0,0
2022-03-05,68.0,1,3,2022,2,3,36936,0,0
2022-03-06,2.0,1,3,2022,2,4,37278,0,0
2022-03-07,238.0,1,3,2022,2,5,37766,0,0
2022-03-08,220.0,1,3,2022,2,6,37532,0,0
2022-03-09,202.0,1,3,2022,2,7,38108,0,0
2022-03-10,262.0,1,3,2022,2,8,38488,0,0
2022-03-11,291.0,1,3,2022,2,9,38968,0,0
2022-03-12,99.0,1,3,2022,2,10,39332,0,0
2022-03-13,0.0,1,3,2022,2,11,39885,0,0
2022-03-14,278.0,1,3,2022,2,12,40524,0,0
2022-03-15,245.0,1,3,2022,2,13,40255,0,0
2022-03-16,278.0,1,3,2022,2,14,41053,0,0
2022-03-17,395.0,1,3,2022,2,15,41082,0,0
2022-03-18,34.0,1,3,2022,2,16,41110,0,0
2022-03-19,202.0,1,3,2022,2,17,41569,0,0
2022-03-20,0.0,1,3,2022,2,18,41370,0,0
2022-03-21,413.0,1,3,2022,2,19,41717,0,0
2022-03-22,234.0,1,3,2022,2,20,41309,0,0
2022-03-23,304.0,1,3,2022,2,21,41138,0,0
2022-03-24,334.0,1,3,2022,2,22,40997,0,0
2022-03-25,260.0,1,3,2022,2,23,40970,0,0
2022-03-26,153.0,1,3,2022,2,24,40903,0,0
2022-03-27,0.0,1,3,2022,2,25,40942,0,0
2022-03-28,270.0,1,3,2022,2,26,41118,0,0
2022-03-29,254.0,1,3,2022,2,27,40855,0,0
2022-03-30,385.0,1,3,2022,2,28,40932,0,0
2022-03-31,393.0,1,3,2022,2,29,40897,0,0
2022-04-01,276.0,1,4,2022,3,1,40781,0,0
2022-04-02,119.0,1,4,2022,3,2,40708,0,0
2022-04-03,0.0,1,4,2022,3,3,40824,1,0
2022-04-04,140.0,1,4,2022,3,4,41065,1,0
2022-04-05,0.0,1,4,2022,3,5,40933,1,0
2022-04-06,227.0,1,4,2022,3,6,40933,0,0
2022-04-07,236.0,1,4,2022,3,7,41013,0,0
2022-04-08,317.0,1,4,2022,3,8,40893,0,0
2022-04-09,158.0,1,4,2022,3,9,40803,0,0
2022-04-10,0.0,1,4,2022,3,10,40820,0,0
2022-04-11,308.0,1,4,2022,3,11,40995,0,0
2022-04-12,215.0,1,4,2022,3,12,40690,0,0
2022-04-13,191.0,1,4,2022,3,13,40788,0,0
2022-04-14,250.0,1,4,2022,3,14,40846,0,0
2022-04-15,234.0,1,4,2022,3,15,40856,0,0
2022-04-16,98.0,1,4,2022,3,16,40863,0,0
2022-04-17,0.0,1,4,2022,3,17,40964,0,0
2022-04-18,199.0,1,4,2022,3,18,41139,0,0
2022-04-19,222.0,1,4,2022,3,19,40943,0,0
2022-04-20,186.0,1,4,2022,3,20,40975,0,0
2022-04-21,298.0,1,4,2022,3,21,41225,0,0
2022-04-22,232.0,1,4,2022,3,22,41433,0,0
2022-04-23,154.0,1,4,2022,3,23,41664,0,0
2022-04-24,0.0,1,4,2022,3,24,41903,0,0
2022-04-25,341.0,1,4,2022,3,25,42256,0,0
2022-04-26,332.0,1,4,2022,3,26,41923,0,0
2022-04-27,375.0,1,4,2022,3,27,42110,0,0
2022-04-28,445.0,1,4,2022,3,28,41966,0,0
2022-04-29,638.0,1,4,2022,3,29,41735,0,0
2022-04-30,147.0,1,4,2022,3,30,41538,1,0
2022-05-01,73.0,1,5,2022,4,1,41915,1,0
2022-05-02,0.0,1,5,2022,4,2,41842,1,0
2022-05-03,216.0,1,5,2022,4,3,41842,1,0
2022-05-04,668.0,1,5,2022,4,4,42148,1,0
2022-05-05,400.0,1,5,2022,4,5,41792,0,0
2022-05-06,544.0,1,5,2022,4,6,41738,0,0
2022-05-07,90.0,1,5,2022,4,7,41603,0,0
2022-05-08,0.0,1,5,2022,4,8,42021,0,0
2022-05-09,494.0,1,5,2022,4,9,42710,0,0
2022-05-10,389.0,1,5,2022,4,10,42252,0,0
2022-05-11,426.0,1,5,2022,4,11,42788,0,0
2022-05-12,545.0,1,5,2022,4,12,42962,0,0
2022-05-13,610.0,1,5,2022,4,13,42696,0,0
2022-05-14,105.0,1,5,2022,4,14,42188,0,0
2022-05-15,0.0,1,5,2022,4,15,42171,0,0
2022-05-16,467.0,1,5,2022,4,16,42243,0,0
2022-05-17,307.0,1,5,2022,4,17,41776,0,0
2022-05-18,239.0,1,5,2022,4,18,41543,0,0
2022-05-19,393.0,1,5,2022,4,19,41851,0,0
2022-05-20,320.0,1,5,2022,4,20,41907,0,0
2022-05-21,99.0,1,5,2022,4,21,41954,0,0
2022-05-22,0.0,1,5,2022,4,22,42185,0,0
2022-05-23,506.0,1,5,2022,4,23,42513,0,0
2022-05-24,394.0,1,5,2022,4,24,42019,0,0
2022-05-25,415.0,1,5,2022,4,25,41976,0,0
2022-05-26,623.0,1,5,2022,4,26,41881,0,0
2022-05-27,546.0,1,5,2022,4,27,41581,0,0
2022-05-28,164.0,1,5,2022,4,28,41302,0,0
2022-05-29,0.0,1,5,2022,4,29,41694,0,0
2022-05-30,545.0,1,5,2022,5,1,42124,0,0
2022-05-31,644.0,1,5,2022,5,2,41594,0,0
2022-06-01,332.0,1,6,2022,5,3,41688,0,0
2022-06-02,342.0,1,6,2022,5,4,41743,0,0
2022-06-03,0.0,1,6,2022,5,5,41823,1,0
2022-06-04,3.0,1,6,2022,5,6,41823,1,0
2022-06-05,0.0,1,6,2022,5,7,41822,1,0
2022-06-06,376.0,1,6,2022,5,8,42497,0,0
2022-06-07,397.0,1,6,2022,5,9,42123,0,0
2022-06-08,378.0,1,6,2022,5,10,42131,0,0
2022-06-09,467.0,1,6,2022,5,11,42092,0,0
2022-06-10,434.0,1,6,2022,5,12,42055,0,0
2022-06-11,81.0,1,6,2022,5,13,42418,0,0
2022-06-12,4.0,1,6,2022,5,14,42958,0,0
2022-06-13,588.0,1,6,2022,5,15,43668,0,0
2022-06-14,349.0,1,6,2022,5,16,43088,0,0
2022-06-15,389.0,1,6,2022,5,17,43913,0,0
2022-06-16,623.0,1,6,2022,5,18,44609,0,0
2022-06-17,485.0,1,6,2022,5,19,44803,0,0
2022-06-18,82.0,1,6,2022,5,20,45050,0,0
2022-06-19,0.0,1,6,2022,5,21,45478,0,0
2022-06-20,589.0,1,6,2022,5,22,45808,0,0
2022-06-21,438.0,1,6,2022,5,23,45220,0,0
2022-06-22,378.0,1,6,2022,5,24,45525,0,0
2022-06-23,555.0,1,6,2022,5,25,45837,0,0
2022-06-24,442.0,1,6,2022,5,26,45777,0,0
2022-06-25,105.0,1,6,2022,5,27,45688,0,0
2022-06-26,1.0,1,6,2022,5,28,45893,0,0
2022-06-27,669.0,1,6,2022,5,29,46212,0,0
2022-06-28,696.0,1,6,2022,5,30,45543,0,0
2022-06-29,708.0,1,6,2022,6,1,45491,0,0
2022-06-30,2104.0,1,6,2022,6,2,45499,0,0
2022-07-01,458.0,1,7,2022,6,3,44156,0,0
2022-07-02,40.0,1,7,2022,6,4,44603,0,0
2022-07-03,0.0,1,7,2022,6,5,45245,0,0
2022-07-04,435.0,1,7,2022,6,6,45937,0,0
2022-07-05,439.0,1,7,2022,6,7,45511,0,0
2022-07-06,574.0,1,7,2022,6,8,45870,0,0
2022-07-07,679.0,1,7,2022,6,9,45938,0,0
2022-07-08,507.0,1,7,2022,6,10,45993,0,0
2022-07-09,125.0,1,7,2022,6,11,46149,0,0
2022-07-10,0.0,1,7,2022,6,12,46695,0,0
2022-07-11,574.0,1,7,2022,6,13,47515,0,0
2022-07-12,740.0,1,7,2022,6,14,46950,0,0
2022-07-13,415.0,1,7,2022,6,15,47363,0,0
2022-07-14,522.0,1,7,2022,6,16,47603,0,0
2022-07-15,427.0,1,7,2022,6,17,47602,0,0
2022-07-16,89.0,1,7,2022,6,18,47909,0,0
2022-07-17,0.0,1,7,2022,6,19,48788,0,0
2022-07-18,497.0,1,7,2022,6,20,49638,0,0
2022-07-19,429.0,1,7,2022,6,21,49146,0,0
2022-07-20,387.0,1,7,2022,6,22,49766,0,0
2022-07-21,679.0,1,7,2022,6,23,50044,0,0
2022-07-22,611.0,1,7,2022,6,24,49850,0,0
2022-07-23,146.0,1,7,2022,6,25,49721,0,0
2022-07-24,0.0,1,7,2022,6,26,50115,0,0
2022-07-25,722.0,1,7,2022,6,27,50583,0,0
2022-07-26,480.0,1,7,2022,6,28,49861,0,0
2022-07-27,488.0,1,7,2022,6,29,49713,0,0
2022-07-28,785.0,1,7,2022,6,30,49228,0,0
2022-07-29,770.0,1,7,2022,7,1,48608,0,0
2022-07-30,363.0,1,7,2022,7,2,47965,0,0
2022-07-31,1.0,1,7,2022,7,3,48034,0,0
2022-08-01,560.0,1,8,2022,7,4,48244,0,0
2022-08-02,263.0,1,8,2022,7,5,47766,0,0
2022-08-03,229.0,1,8,2022,7,6,47944,0,0
2022-08-04,550.0,1,8,2022,7,7,48478,0,0
2022-08-05,575.0,1,8,2022,7,8,48702,0,0
2022-08-06,200.0,1,8,2022,7,9,48697,0,0
2022-08-07,2.0,1,8,2022,7,10,48940,0,0
2022-08-08,1008.0,1,8,2022,7,11,49323,0,0
2022-08-09,468.0,1,8,2022,7,12,48325,0,0
2022-08-10,513.0,1,8,2022,7,13,48452,0,0
2022-08-11,746.0,1,8,2022,7,14,48438,0,0
2022-08-12,790.0,1,8,2022,7,15,48261,0,0
2022-08-13,248.0,1,8,2022,7,16,47975,0,0
2022-08-14,38.0,1,8,2022,7,17,49320,0,0
2022-08-15,1276.0,1,8,2022,7,18,51074,0,0
2022-08-16,588.0,1,8,2022,7,19,51110,0,0
2022-08-17,676.0,1,8,2022,7,20,51591,0,0
2022-08-18,1351.0,1,8,2022,7,21,52405,0,0
2022-08-19,1344.0,1,8,2022,7,22,52615,0,0
2022-08-20,288.0,1,8,2022,7,23,52789,0,0
2022-08-21,1.0,1,8,2022,7,24,53323,0,0
2022-08-22,1908.0,1,8,2022,7,25,53935,0,0
2022-08-23,883.0,1,8,2022,7,26,52028,0,0
2022-08-24,952.0,1,8,2022,7,27,51643,0,0
2022-08-25,1346.0,1,8,2022,7,28,50970,0,0
2022-08-26,1144.0,1,8,2022,7,29,49948,0,0
2022-08-27,168.0,1,8,2022,8,1,49115,0,0
2022-08-28,1.0,1,8,2022,8,2,49184,0,0
2022-08-29,894.0,1,8,2022,8,3,49421,0,0
2022-08-30,445.0,1,8,2022,8,4,48528,0,0
2022-08-31,496.0,1,8,2022,8,5,48341,0,0
2022-09-01,485.0,1,9,2022,8,6,48319,0,0
2022-09-02,313.0,1,9,2022,8,7,48322,0,0
2022-09-03,61.0,1,9,2022,8,8,48483,0,0
2022-09-04,3.0,1,9,2022,8,9,49078,0,0
2022-09-05,658.0,1,9,2022,8,10,49589,0,0
2022-09-06,426.0,1,9,2022,8,11,49407,0,0
2022-09-07,355.0,1,9,2022,8,12,49617,0,0
2022-09-08,625.0,1,9,2022,8,13,50084,0,0
2022-09-09,544.0,1,9,2022,8,14,50123,0,0
2022-09-10,1.0,1,9,2022,8,15,49595,1,0
2022-09-11,3.0,1,9,2022,8,16,49594,1,0
2022-09-12,7.0,1,9,2022,8,17,49591,1,0
2022-09-13,423.0,1,9,2022,8,18,50994,0,0
2022-09-14,387.0,1,9,2022,8,19,50765,0,0
2022-09-15,410.0,1,9,2022,8,20,50878,0,0
2022-09-16,573.0,1,9,2022,8,21,51065,0,0
2022-09-17,53.0,1,9,2022,8,22,50978,0,0
2022-09-18,0.0,1,9,2022,8,23,51186,0,0
2022-09-19,507.0,1,9,2022,8,24,51186,0,0
2022-09-20,356.0,1,9,2022,8,25,51317,0,0
2022-09-21,332.0,1,9,2022,8,26,51026,0,0
2022-09-22,416.0,1,9,2022,8,27,51056,0,0
2022-09-23,574.0,1,9,2022,8,28,51030,0,0
2022-09-24,87.0,1,9,2022,8,29,50717,0,0
2022-09-25,0.0,1,9,2022,8,30,50813,0,0
2022-09-26,663.0,1,9,2022,9,1,50969,0,0
2022-09-27,482.0,1,9,2022,9,2,50310,0,0
2022-09-28,462.0,1,9,2022,9,3,49920,0,0
2022-09-29,815.0,1,9,2022,9,4,49560,0,0
2022-09-30,1034.0,1,9,2022,9,5,48826,0,0
2022-10-01,26.0,1,10,2022,9,6,47798,1,0
2022-10-02,0.0,1,10,2022,9,7,47772,1,0
2022-10-03,0.0,1,10,2022,9,8,47772,1,0
2022-10-04,0.0,1,10,2022,9,9,47772,1,0
2022-10-05,3.0,1,10,2022,9,10,48112,1,0
2022-10-06,206.0,1,10,2022,9,11,48109,1,0
2022-10-07,245.0,1,10,2022,9,12,48052,1,0
2022-10-08,23.0,1,10,2022,9,13,47917,0,0
2022-10-09,0.0,1,10,2022,9,14,47909,0,0
2022-10-10,308.0,1,10,2022,9,15,47909,0,0
2022-10-11,265.0,1,10,2022,9,16,47900,0,0
2022-10-12,183.0,1,10,2022,9,17,47700,0,0
2022-10-13,254.0,1,10,2022,9,18,47668,0,0
2022-10-14,244.0,1,10,2022,9,19,47414,0,0
2022-10-15,34.0,1,10,2022,9,20,47173,0,0
2022-10-16,0.0,1,10,2022,9,21,47140,0,0
2022-10-17,206.0,1,10,2022,9,22,47140,0,0
2022-10-18,234.0,1,10,2022,9,23,47448,0,0
2022-10-19,165.0,1,10,2022,9,24,47485,0,0
2022-10-20,200.0,1,10,2022,9,25,47473,0,0
2022-10-21,218.0,1,10,2022,9,26,47423,0,0
2022-10-22,52.0,1,10,2022,9,27,47368,0,0
2022-10-23,0.0,1,10,2022,9,28,47318,0,0
2022-10-24,338.0,1,10,2022,9,29,47318,0,0
2022-10-25,236.0,1,10,2022,10,1,47291,0,0
2022-10-26,288.0,1,10,2022,10,2,47076,0,0
2022-10-27,422.0,1,10,2022,10,3,46928,0,0
2022-10-28,588.0,1,10,2022,10,4,46647,0,0
2022-10-29,81.0,1,10,2022,10,5,46480,0,0
2022-10-30,0.0,1,10,2022,10,6,46404,0,0
2022-10-31,1521.0,1,10,2022,10,7,46404,0,0
2022-11-01,729.0,1,11,2022,10,8,45907,0,0
2022-11-02,166.0,1,11,2022,10,9,45216,0,0
2022-11-03,253.0,1,11,2022,10,10,45443,0,0
2022-11-04,343.0,1,11,2022,10,11,45606,0,0
2022-11-05,46.0,1,11,2022,10,12,45586,0,0
2022-11-06,0.0,1,11,2022,10,13,45547,0,0
2022-11-07,399.0,1,11,2022,10,14,45547,0,0
2022-11-08,231.0,1,11,2022,10,15,46052,0,0
2022-11-09,269.0,1,11,2022,10,16,45845,0,0
2022-11-10,329.0,1,11,2022,10,17,45704,0,0
2022-11-11,299.0,1,11,2022,10,18,45483,0,0
2022-11-12,45.0,1,11,2022,10,19,45266,0,0
2022-11-13,0.0,1,11,2022,10,20,45223,0,0
2022-11-14,297.0,1,11,2022,10,21,45223,0,0
2022-11-15,197.0,1,11,2022,10,22,45166,0,0
2022-11-16,163.0,1,11,2022,10,23,44996,0,0
2022-11-17,235.0,1,11,2022,10,24,44885,0,0
2022-11-18,213.0,1,11,2022,10,25,44699,0,0
2022-11-19,46.0,1,11,2022,10,26,44544,0,0
2022-11-20,0.0,1,11,2022,10,27,44500,0,0
2022-11-21,283.0,1,11,2022,10,28,44500,0,0
2022-11-22,157.0,1,11,2022,10,29,44343,0,0
2022-11-23,179.0,1,11,2022,10,30,44210,0,0
2022-11-24,234.0,1,11,2022,11,1,44044,0,0
2022-11-25,319.0,1,11,2022,11,2,43821,0,0
2022-11-26,73.0,1,11,2022,11,3,43514,0,0
2022-11-27,0.0,1,11,2022,11,4,43443,0,0
2022-11-28,388.0,1,11,2022,11,5,43443,0,0
2022-11-29,169.0,1,11,2022,11,6,43079,0,0
2022-11-30,330.0,1,11,2022,11,7,42928,0,0
2022-12-01,331.0,1,12,2022,11,8,42612,0,0
2022-12-02,173.0,1,12,2022,11,9,42296,0,0
2022-12-03,12.0,1,12,2022,11,10,42138,0,0
2022-12-04,0.0,1,12,2022,11,11,42128,0,0
2022-12-05,317.0,1,12,2022,11,12,42128,0,0
2022-12-06,142.0,1,12,2022,11,13,41849,0,0
2022-12-07,146.0,1,12,2022,11,14,41711,0,0
2022-12-08,222.0,1,12,2022,11,15,41591,0,0
2022-12-09,214.0,1,12,2022,11,16,41413,0,0
2022-12-10,39.0,1,12,2022,11,17,41391,0,0
2022-12-11,0.0,1,12,2022,11,18,41354,0,0
2022-12-12,235.0,1,12,2022,11,19,41354,0,0
2022-12-13,146.0,1,12,2022,11,20,41503,0,0
2022-12-14,167.0,1,12,2022,11,21,41363,0,0
2022-12-15,304.0,1,12,2022,11,22,41247,0,0
2022-12-16,399.0,1,12,2022,11,23,40977,0,0
2022-12-17,52.0,1,12,2022,11,24,40601,0,0
2022-12-18,0.0,1,12,2022,11,25,40551,0,0
2022-12-19,500.0,1,12,2022,11,26,40551,0,0
2022-12-20,212.0,1,12,2022,11,27,40103,0,0
2022-12-21,253.0,1,12,2022,11,28,39913,0,0
2022-12-22,338.0,1,12,2022,11,29,39764,0,0
2022-12-23,532.0,1,12,2022,12,1,39512,0,0
2022-12-24,109.0,1,12,2022,12,2,39027,0,0
2022-12-25,0.0,1,12,2022,12,3,38939,0,0
2022-12-26,853.0,1,12,2022,12,4,38955,0,0
2022-12-27,617.0,1,12,2022,12,5,38102,0,0
2022-12-28,927.0,1,12,2022,12,6,37501,0,0
2022-12-29,1073.0,1,12,2022,12,7,36608,0,0
2022-12-30,2184.0,1,12,2022,12,8,35585,0,0
2022-12-31,31.0,1,12,2022,12,9,33467,1,0
2023-01-01,3.0,0,1,2022,12,10,33439,1,0
2023-01-02,0.0,0,1,2022,12,11,33436,1,0
2023-01-03,274.0,0,1,2022,12,12,33523,0,0
2023-01-04,292.0,0,1,2022,12,13,33252,0,0
2023-01-05,481.0,0,1,2022,12,14,33024,0,0
2023-01-06,755.0,0,1,2022,12,15,32594,0,0
2023-01-07,175.0,0,1,2022,12,16,31879,0,0
2023-01-08,0.0,0,1,2022,12,17,31707,0,0
2023-01-09,898.0,0,1,2022,12,18,31708,0,0
2023-01-10,665.0,0,1,2022,12,19,30869,0,0
2023-01-11,307.0,0,1,2022,12,20,30205,0,0
2023-01-12,797.0,0,1,2022,12,21,29900,0,0
2023-01-13,820.0,0,1,2022,12,22,29104,0,0
2023-01-14,3.0,0,1,2022,12,23,28286,0,0
2023-01-15,3.0,0,1,2022,12,24,28284,0,1
2023-01-16,0.0,0,1,2022,12,25,28281,0,1
2023-01-17,0.0,0,1,2022,12,26,28281,0,1
2023-01-18,0.0,0,1,2022,12,27,28281,0,1
2023-01-19,0.0,0,1,2022,12,28,28281,0,1
2023-01-20,0.0,0,1,2022,12,29,28281,0,1
2023-01-21,0.0,0,1,2022,12,30,28281,1,1
2023-01-22,0.0,0,1,2023,1,1,28281,1,1
2023-01-23,0.0,0,1,2023,1,2,28281,1,1
2023-01-24,0.0,0,1,2023,1,3,28281,1,1
2023-01-25,0.0,0,1,2023,1,4,28281,1,1
2023-01-26,0.0,0,1,2023,1,5,28281,1,1
2023-01-27,23.0,0,1,2023,1,6,28281,1,1
2023-01-28,30.0,0,1,2023,1,7,28262,0,1
2023-01-29,1.0,0,1,2023,1,8,28317,0,0
2023-01-30,166.0,0,1,2023,1,9,28395,0,0
2023-01-31,606.0,0,1,2023,1,10,28329,0,0
2023-02-01,226.0,0,2,2023,1,11,27950,0,0
2023-02-02,203.0,0,2,2023,1,12,28072,0,0
2023-02-03,160.0,0,2,2023,1,13,28185,0,0
2023-02-04,34.0,0,2,2023,1,14,28336,0,0
2023-02-05,0.0,0,2,2023,1,15,28607,0,0
2023-02-06,389.0,0,2,2023,1,16,28855,0,0
2023-02-07,215.0,0,2,2023,1,17,28651,0,0
2023-02-08,147.0,0,2,2023,1,18,28795,0,0
2023-02-09,330.0,0,2,2023,1,19,29055,0,0
2023-02-10,243.0,0,2,2023,1,20,29201,0,0
2023-02-11,81.0,0,2,2023,1,21,29674,0,0
2023-02-12,39.0,0,2,2023,1,22,30355,0,0
2023-02-13,330.0,0,2,2023,1,23,31135,0,0
2023-02-14,258.0,0,2,2023,1,24,30808,0,0
2023-02-15,247.0,0,2,2023,1,25,30746,0,0
2023-02-16,421.0,0,2,2023,1,26,30779,0,0
2023-02-17,338.0,0,2,2023,1,27,30730,0,0
2023-02-18,18.0,0,2,2023,1,28,30430,0,0
2023-02-19,1.0,0,2,2023,1,29,30420,0,0
2023-02-20,341.0,0,2,2023,2,1,30428,0,0
2023-02-21,229.0,0,2,2023,2,2,30087,0,0
2023-02-22,131.0,0,2,2023,2,3,29865,0,0
2023-02-23,204.0,0,2,2023,2,4,29743,0,0
2023-02-24,129.0,0,2,2023,2,5,29546,0,0
2023-02-25,28.0,0,2,2023,2,6,29425,0,0
2023-02-26,0.0,0,2,2023,2,7,29404,0,0
2023-02-27,165.0,0,2,2023,2,8,29415,0,0
2023-02-28,108.0,0,2,2023,2,9,29250,0,0
2023-03-01,104.0,0,3,2023,2,10,29157,0,0
2023-03-02,83.0,0,3,2023,2,11,29064,0,0
2023-03-03,123.0,0,3,2023,2,12,29008,0,0
2023-03-04,48.0,0,3,2023,2,13,28898,0,0
2023-03-05,0.0,0,3,2023,2,14,28859,0,0
2023-03-06,313.0,0,3,2023,2,15,28871,0,0
2023-03-07,87.0,0,3,2023,2,16,28558,0,0
2023-03-08,84.0,0,3,2023,2,17,28621,0,0
2023-03-09,123.0,0,3,2023,2,18,28686,0,0
2023-03-10,116.0,0,3,2023,2,19,28733,0,0
2023-03-11,25.0,0,3,2023,2,20,28826,0,0
2023-03-12,5.0,0,3,2023,2,21,28922,0,0
2023-03-13,189.0,0,3,2023,2,22,29001,0,0
2023-03-14,128.0,0,3,2023,2,23,28814,0,0
2023-03-15,127.0,0,3,2023,2,24,28820,0,0
2023-03-16,153.0,0,3,2023,2,25,28813,0,0
2023-03-17,156.0,0,3,2023,2,26,28675,0,0
2023-03-18,12.0,0,3,2023,2,27,28535,0,0
2023-03-19,0.0,0,3,2023,2,28,28535,0,0
2023-03-20,129.0,0,3,2023,2,29,28549,0,0
2023-03-21,88.0,0,3,2023,2,30,28420,0,0
2023-03-22,100.0,0,3,2023,2,1,28348,0,0
2023-03-23,151.0,0,3,2023,2,2,28262,0,0
2023-03-24,122.0,0,3,2023,2,3,28121,0,0
2023-03-25,27.0,0,3,2023,2,4,28013,0,0
2023-03-26,0.0,0,3,2023,2,5,27996,0,0
2023-03-27,192.0,0,3,2023,2,6,28004,0,0
2023-03-28,112.0,0,3,2023,2,7,27812,0,0
2023-03-29,122.0,0,3,2023,2,8,27723,0,0
2023-03-30,137.0,0,3,2023,2,9,27609,0,0
2023-03-31,254.0,0,3,2023,2,10,27477,0,0
2023-04-01,71.0,0,4,2023,2,11,27236,0,0
2023-04-02,0.0,0,4,2023,2,12,27172,0,0
2023-04-03,0.0,0,4,2023,2,13,27175,0,0
2023-04-04,0.0,0,4,2023,2,14,27175,0,0
2023-04-05,0.0,0,4,2023,2,15,27175,1,0
2023-04-06,135.0,0,4,2023,2,16,27175,0,0
2023-04-07,2857.0,0,4,2023,2,17,27040,0,0
2023-04-08,70.0,0,4,2023,2,18,26948,0,0
2023-04-09,1.0,0,4,2023,2,19,26930,0,0
2023-04-10,223.0,0,4,2023,2,20,27066,0,0
2023-04-11,74.0,0,4,2023,2,21,26860,0,0
2023-04-12,55.0,0,4,2023,2,22,27030,0,0
2023-04-13,157.0,0,4,2023,2,23,27227,0,0
2023-04-14,151.0,0,4,2023,2,24,27239,0,0
2023-04-15,125.0,0,4,2023,2,25,27365,0,0
2023-04-16,3.0,0,4,2023,2,26,27406,0,0
2023-04-17,126.0,0,4,2023,2,27,27565,0,0
2023-04-18,107.0,0,4,2023,2,28,27545,0,0
2023-04-19,124.0,0,4,2023,2,29,27722,0,0
2023-04-20,301.0,0,4,2023,3,1,27989,0,0
2023-04-21,216.0,0,4,2023,3,2,28075,0,0
2023-04-22,62.0,0,4,2023,3,3,28218,0,0
2023-04-23,15.0,0,4,2023,3,4,28499,0,0
2023-04-24,316.0,0,4,2023,3,5,28797,0,0
2023-04-25,250.0,0,4,2023,3,6,28483,0,0
2023-04-26,188.0,0,4,2023,3,7,28796,0,0
2023-04-27,373.0,0,4,2023,3,8,28866,0,0
2023-04-28,561.0,0,4,2023,3,9,28700,0,0
2023-04-29,25.0,0,4,2023,3,10,28351,1,0
2023-04-30,26.0,0,4,2023,3,11,28666,1,0
2023-05-01,33.0,0,5,2023,3,12,28918,1,0
2023-05-02,237.0,0,5,2023,3,13,28885,1,0
2023-05-03,166.0,0,5,2023,3,14,28652,1,0
2023-05-04,154.0,0,5,2023,3,15,28771,0,0
2023-05-05,343.0,0,5,2023,3,16,29063,0,0
2023-05-06,89.0,0,5,2023,3,17,29202,0,0
2023-05-07,17.0,0,5,2023,3,18,29631,0,0
2023-05-08,423.0,0,5,2023,3,19,30182,0,0
2023-05-09,213.0,0,5,2023,3,20,29761,0,0
2023-05-10,342.0,0,5,2023,3,21,30293,0,0
2023-05-11,402.0,0,5,2023,3,22,30532,0,0
2023-05-12,375.0,0,5,2023,3,23,30647,0,0
2023-05-13,89.0,0,5,2023,3,24,30876,0,0
2023-05-14,19.0,0,5,2023,3,25,31350,0,0
2023-05-15,407.0,0,5,2023,3,26,31788,0,0
2023-05-16,301.0,0,5,2023,3,27,31390,0,0
2023-05-17,335.0,0,5,2023,3,28,31723,0,0
2023-05-18,426.0,0,5,2023,3,29,32028,0,0
2023-05-19,377.0,0,5,2023,4,1,32171,0,0
2023-05-20,68.0,0,5,2023,4,2,32263,0,0
2023-05-21,19.0,0,5,2023,4,3,32717,0,0
2023-05-22,493.0,0,5,2023,4,4,33118,0,0
2023-05-23,327.0,0,5,2023,4,5,32640,0,0
2023-05-24,371.0,0,5,2023,4,6,32873,0,0
2023-05-25,548.0,0,5,2023,4,7,32979,0,0
2023-05-26,422.0,0,5,2023,4,8,32850,0,0
2023-05-27,102.0,0,5,2023,4,9,32859,0,0
2023-05-28,8.0,0,5,2023,4,10,33179,0,0
2023-05-29,536.0,0,5,2023,4,11,33774,0,0
2023-05-30,353.0,0,5,2023,4,12,33246,0,0
2023-05-31,439.0,0,5,2023,4,13,33234,0,0
2023-06-01,588.0,0,6,2023,4,14,32947,0,0
2023-06-02,278.0,0,6,2023,4,15,32465,0,0
2023-06-03,41.0,0,6,2023,4,16,32344,0,0
2023-06-04,1.0,0,6,2023,4,17,32457,0,0
2023-06-05,384.0,0,6,2023,4,18,32602,0,0
2023-06-06,198.0,0,6,2023,4,19,32224,0,0
2023-06-07,235.0,0,6,2023,4,20,32546,0,0
2023-06-08,312.0,0,6,2023,4,21,32880,0,0
2023-06-09,308.0,0,6,2023,4,22,33002,0,0
2023-06-10,70.0,0,6,2023,4,23,33027,0,0
2023-06-11,5.0,0,6,2023,4,24,33277,0,0
2023-06-12,424.0,0,6,2023,4,25,33597,0,0
2023-06-13,275.0,0,6,2023,4,26,33178,0,0
2023-06-14,284.0,0,6,2023,4,27,33474,0,0
2023-06-15,336.0,0,6,2023,4,28,33790,0,0
2023-06-16,308.0,0,6,2023,4,29,33955,0,0
2023-06-17,174.0,0,6,2023,4,30,34002,0,0
2023-06-18,12.0,0,6,2023,5,1,34385,0,0
2023-06-19,273.0,0,6,2023,5,2,34762,0,0
2023-06-20,245.0,0,6,2023,5,3,34500,0,0
2023-06-21,335.0,0,6,2023,5,4,34937,0,0
2023-06-22,27.0,0,6,2023,5,5,35195,1,0
2023-06-23,23.0,0,6,2023,5,6,35168,1,0
2023-06-24,37.0,0,6,2023,5,7,35794,1,0
2023-06-25,22.0,0,6,2023,5,8,36802,0,0
2023-06-26,655.0,0,6,2023,5,9,37785,0,0
2023-06-27,387.0,0,6,2023,5,10,37132,0,0
2023-06-28,327.0,0,6,2023,5,11,37211,0,0
2023-06-29,609.0,0,6,2023,5,12,37289,0,0
2023-06-30,653.0,0,6,2023,5,13,37009,0,0
2023-07-01,139.0,0,7,2023,5,14,36832,0,0
2023-07-02,19.0,0,7,2023,5,15,37541,0,0
2023-07-03,651.0,0,7,2023,5,16,38033,0,0
2023-07-04,326.0,0,7,2023,5,17,37387,0,0
2023-07-05,276.0,0,7,2023,5,18,37485,0,0
2023-07-06,490.0,0,7,2023,5,19,37731,0,0
2023-07-07,416.0,0,7,2023,5,20,37664,0,0
2023-07-08,108.0,0,7,2023,5,21,37805,0,0
2023-07-09,6.0,0,7,2023,5,22,38118,0,0
2023-07-10,560.0,0,7,2023,5,23,38581,0,0
2023-07-11,281.0,0,7,2023,5,24,38035,0,0
2023-07-12,335.0,0,7,2023,5,25,38258,0,0
2023-07-13,436.0,0,7,2023,5,26,38333,0,0
2023-07-14,357.0,0,7,2023,5,27,38211,0,0
2023-07-15,63.0,0,7,2023,5,28,38045,0,0
2023-07-16,5.0,0,7,2023,5,29,38355,0,0
2023-07-17,402.0,0,7,2023,5,30,38832,0,0
2023-07-18,234.0,0,7,2023,6,1,38432,0,0
2023-07-19,259.0,0,7,2023,6,2,38623,0,0
2023-07-20,363.0,0,7,2023,6,3,38541,0,0
2023-07-21,339.0,0,7,2023,6,4,38296,0,0
2023-07-22,80.0,0,7,2023,6,5,38044,0,0
2023-07-23,1.0,0,7,2023,6,6,38058,0,0
2023-07-24,483.0,0,7,2023,6,7,38263,0,0
2023-07-25,249.0,0,7,2023,6,8,37794,0,0
2023-07-26,296.0,0,7,2023,6,9,38375,0,0
2023-07-27,378.0,0,7,2023,6,10,38228,0,0
2023-07-28,464.0,0,7,2023,6,11,37980,0,0
2023-07-29,71.0,0,7,2023,6,12,37643,0,0
2023-07-30,1.0,0,7,2023,6,13,37783,0,0
2023-07-31,749.0,0,7,2023,6,14,37980,0,0
