,离职人数,在职人数,疫情等级,月份,lunar_month,lunar_day
2018-01-01,0.0,85810,0,1,11,15
2018-01-02,4.61512051684126,85810,0,1,11,16
2018-01-03,5.225746673713201,85972,0,1,11,17
2018-01-04,6.381816017406098,85713,0,1,11,18
2018-01-05,6.591673732008658,85338,0,1,11,19
2018-01-06,6.318968113746434,85047,0,1,11,20
2018-01-07,0.0,85299,0,1,11,21
2018-01-08,6.690842277418563,84498,0,1,11,22
2018-01-09,6.411818267709897,84048,0,1,11,23
2018-01-10,6.0822189103764455,83793,0,1,11,24
2018-01-11,6.516193076042963,83357,0,1,11,25
2018-01-12,6.688354713946762,82780,0,1,11,26
2018-01-13,6.171700597410915,82509,0,1,11,27
2018-01-14,0.0,82691,0,1,11,28
2018-01-15,7.203405521083095,81350,0,1,11,29
2018-01-16,7.83241092718792,78934,0,1,11,30
2018-01-17,7.187657164114955,78024,0,1,12,1
2018-01-18,6.285998094508864,77694,0,1,12,2
2018-01-19,6.840546529288687,76919,0,1,12,3
2018-01-20,6.52795791762255,76239,0,1,12,4
2018-01-21,0.0,76242,0,1,12,5
2018-01-22,7.309212365692763,74752,0,1,12,6
2018-01-23,7.111512116496156,73527,0,1,12,7
2018-01-24,6.658011045870748,72754,0,1,12,8
2018-01-25,6.689599269178967,71953,0,1,12,9
2018-01-26,7.112327444710911,70728,0,1,12,10
2018-01-27,6.363028103540465,70149,0,1,12,11
2018-01-28,0.0,70149,0,1,12,12
2018-01-29,6.934397209928558,69123,0,1,12,13
2018-01-30,6.396929655216146,68528,0,1,12,14
2018-01-31,5.948034989180646,68148,0,1,12,15
2018-02-01,5.420534999272285,68058,0,2,12,16
2018-02-02,4.691347882229144,68009,0,2,12,17
2018-02-03,4.718498871295094,67984,0,2,12,18
2018-02-04,0.0,68049,0,2,12,19
2018-02-05,6.7912214627261855,67161,0,2,12,20
2018-02-06,5.655991810819852,66922,0,2,12,21
2018-02-07,4.976733742420574,66825,0,2,12,22
2018-02-08,6.102558594613568,66418,0,2,12,23
2018-02-09,6.124683390894204,65962,0,2,12,24
2018-02-10,4.04305126783455,65906,0,2,12,25
2018-02-11,0.0,65906,0,2,12,26
2018-02-12,0.0,65906,0,2,12,27
2018-02-13,0.0,65906,0,2,12,28
2018-02-14,0.6931471805599453,65905,0,2,12,29
2018-02-15,0.0,65905,0,2,12,30
2018-02-16,0.6931471805599453,65904,0,2,1,1
2018-02-17,0.0,65904,0,2,1,2
2018-02-18,0.0,65904,0,2,1,3
2018-02-19,0.0,65904,0,2,1,4
2018-02-20,0.0,65904,0,2,1,5
2018-02-21,0.0,65904,0,2,1,6
2018-02-22,0.0,65904,0,2,1,7
2018-02-23,3.526360524616161,65875,0,2,1,8
2018-02-24,4.442651256490317,66348,0,2,1,9
2018-02-25,4.276666119016055,66789,0,2,1,10
2018-02-26,5.003946305945459,67215,0,2,1,11
2018-02-27,6.2166061010848646,67179,0,2,1,12
2018-02-28,6.423246963533519,67155,0,2,1,13
2018-03-01,6.651571873589727,66938,0,3,1,14
2018-03-02,7.038783541388541,66504,0,3,1,15
2018-03-03,5.986452005284438,67005,0,3,1,16
2018-03-04,0.0,67805,0,3,1,17
2018-03-05,6.05443934626937,67389,0,3,1,18
2018-03-06,6.688354713946762,67326,0,3,1,19
2018-03-07,6.224558429275359,67803,0,3,1,20
2018-03-08,6.679599185844383,68057,0,3,1,21
2018-03-09,6.493753839851686,67848,0,3,1,22
2018-03-10,6.028278520230698,67802,0,3,1,23
2018-03-11,0.0,68360,0,3,1,24
2018-03-12,5.616771097666571,68109,0,3,1,25
2018-03-13,6.144185634125646,68369,0,3,1,26
2018-03-14,6.008813185442595,68801,0,3,1,27
2018-03-15,6.309918278226516,68875,0,3,1,28
2018-03-16,5.8971538676367405,69174,0,3,1,29
2018-03-17,5.575949103146316,69505,0,3,2,1
2018-03-18,0.0,69992,0,3,2,2
2018-03-19,5.337538079701318,69800,0,3,2,3
2018-03-20,5.924255797414531,69811,0,3,2,4
2018-03-21,5.8664680569332965,69974,0,3,2,5
2018-03-22,6.0822189103764455,69874,0,3,2,6
2018-03-23,5.966146739123692,69811,0,3,2,7
2018-03-24,5.69035945432406,69788,0,3,2,8
2018-03-25,0.0,69991,0,3,2,9
2018-03-26,5.771441123130016,69676,0,3,2,10
2018-03-27,6.040254711277414,69349,0,3,2,11
2018-03-28,6.07993319509559,69128,0,3,2,12
2018-03-29,6.616065185132817,68537,0,3,2,13
2018-03-30,6.240275845170769,68133,0,3,2,14
2018-03-31,5.141663556502659,68072,0,3,2,15
2018-04-01,3.610917912644224,68134,0,4,2,16
2018-04-02,4.820281565605037,68020,0,4,2,17
2018-04-03,4.897839799950911,67932,0,4,2,18
2018-04-04,6.915723448631313,67134,0,4,2,19
2018-04-05,0.6931471805599453,67133,0,4,2,20
2018-04-06,5.062595033026967,67132,0,4,2,21
2018-04-07,4.672828834461906,67099,0,4,2,22
2018-04-08,0.0,67199,0,4,2,23
2018-04-09,5.407171771460119,66989,0,4,2,24
2018-04-10,5.484796933490655,66819,0,4,2,25
2018-04-11,5.697093486505405,67168,0,4,2,26
2018-04-12,5.883322388488279,67242,0,4,2,27
2018-04-13,5.9427993751267,67177,0,4,2,28
2018-04-14,5.58724865840025,67232,0,4,2,29
2018-04-15,0.0,67522,0,4,2,30
2018-04-16,5.686975356339819,67250,0,4,3,1
2018-04-17,5.631211781821365,67134,0,4,3,2
2018-04-18,5.537334267018537,67239,0,4,3,3
2018-04-19,6.100318952020064,67155,0,4,3,4
2018-04-20,5.988961416889863,67062,0,4,3,5
2018-04-21,5.683579767338681,66995,0,4,3,6
2018-04-22,0.0,67229,0,4,3,7
2018-04-23,5.91350300563827,66868,0,4,3,8
2018-04-24,5.981414211254481,66617,0,4,3,9
2018-04-25,5.98393628068719,66624,0,4,3,10
2018-04-26,6.875232087276577,65955,0,4,3,11
2018-04-27,6.340359303727752,65631,0,4,3,12
2018-04-28,6.363028103540465,65382,0,4,3,13
2018-04-29,0.0,65382,0,4,3,14
2018-04-30,5.662960480135946,65103,0,4,3,15
2018-05-01,4.477336814478206,65016,0,5,3,16
2018-05-02,5.313205979041787,64821,0,5,3,17
2018-05-03,5.351858133476067,65204,0,5,3,18
2018-05-04,6.113682179832231,65119,0,5,3,19
2018-05-05,5.407171771460119,65474,0,5,3,20
2018-05-06,0.0,65929,0,5,3,21
2018-05-07,5.686975356339819,65644,0,5,3,22
2018-05-08,5.686975356339819,65647,0,5,3,23
2018-05-09,5.857933154483459,65795,0,5,3,24
2018-05-10,6.338594078203183,65720,0,5,3,25
2018-05-11,5.981414211254481,65695,0,5,3,26
2018-05-12,5.793013608384143,65799,0,5,3,27
2018-05-13,0.0,66048,0,5,3,28
2018-05-14,5.420534999272285,65838,0,5,3,29
2018-05-15,5.455321115357701,65856,0,5,4,1
2018-05-16,5.802118375377063,65938,0,5,4,2
2018-05-17,6.061456918928017,66071,0,5,4,3
2018-05-18,5.805134968916488,66136,0,5,4,4
2018-05-19,5.796057750765372,66322,0,5,4,5
2018-05-20,0.0,66783,0,5,4,6
2018-05-21,5.393627546352361,66587,0,5,4,7
2018-05-22,5.771441123130016,66649,0,5,4,8
2018-05-23,5.934894195619588,66926,0,5,4,9
2018-05-24,6.406879986069314,67013,0,5,4,10
2018-05-25,6.356107660695891,66998,0,5,4,11
2018-05-26,6.361302477572995,66930,0,5,4,12
2018-05-27,0.0,67300,0,5,4,13
2018-05-28,5.910796644040527,66957,0,5,4,14
2018-05-29,6.066108090103747,66964,0,5,4,15
2018-05-30,6.008813185442595,67167,0,5,4,16
2018-05-31,6.432940092739179,67119,0,5,4,17
2018-06-01,5.733341276897745,67263,0,6,4,18
2018-06-02,5.010635294096256,67568,0,6,4,19
2018-06-03,0.0,67846,0,6,4,20
2018-06-04,6.075346031088684,67417,0,6,4,21
2018-06-05,5.831882477283517,67520,0,6,4,22
2018-06-06,5.762051382780177,67893,0,6,4,23
2018-06-07,6.16541785423142,67989,0,6,4,24
2018-06-08,6.05443934626937,67968,0,6,4,25
2018-06-09,5.598421958998374,68176,0,6,4,26
2018-06-10,0.0,68562,0,6,4,27
2018-06-11,5.857933154483459,68219,0,6,4,28
2018-06-12,5.7430031878094825,68453,0,6,4,29
2018-06-13,6.100318952020064,68904,0,6,4,30
2018-06-14,6.008813185442595,69348,0,6,5,1
2018-06-15,5.910796644040527,69810,0,6,5,2
2018-06-16,6.028278520230698,69407,0,6,5,3
2018-06-17,0.0,69408,0,6,5,4
2018-06-18,0.0,69408,0,6,5,5
2018-06-19,4.934473933130692,70605,0,6,5,6
2018-06-20,5.648974238161206,70999,0,6,5,7
2018-06-21,5.91350300563827,71602,0,6,5,8
2018-06-22,6.284134161070802,71869,0,6,5,9
2018-06-23,5.820082930352362,72513,0,6,5,10
2018-06-24,0.0,73355,0,6,5,11
2018-06-25,5.966146739123692,72980,0,6,5,12
2018-06-26,6.0822189103764455,73846,0,6,5,13
2018-06-27,6.267200548541362,74561,0,6,5,14
2018-06-28,6.821107472256465,74809,0,6,5,15
2018-06-29,6.411818267709897,75074,0,6,5,16
2018-06-30,6.194405391104672,75536,0,6,5,17
2018-07-01,3.2580965380214817,76572,0,7,5,18
2018-07-02,5.159055299214529,76425,0,7,5,19
2018-07-03,5.91350300563827,77724,0,7,5,20
2018-07-04,6.405228458030841,79751,0,7,5,21
2018-07-05,6.635946555686646,81522,0,7,5,22
2018-07-06,6.405228458030841,83542,0,7,5,23
2018-07-07,6.20050917404269,85544,0,7,5,24
2018-07-08,0.0,88243,0,7,5,25
2018-07-09,6.335054251498058,89486,0,7,5,26
2018-07-10,6.282266746896006,90964,0,7,5,27
2018-07-11,6.186208623900494,92369,0,7,5,28
2018-07-12,6.542471960506804,92780,0,7,5,29
2018-07-13,6.52795791762255,92974,0,7,6,1
2018-07-14,5.948034989180646,93081,0,7,6,2
2018-07-15,0.0,93837,0,7,6,3
2018-07-16,5.8888779583328805,93491,0,7,6,4
2018-07-17,6.084499413075172,93827,0,7,6,5
2018-07-18,5.926926025970411,94199,0,7,6,6
2018-07-19,6.2878585601617845,94367,0,7,6,7
2018-07-20,6.182084906716631,94726,0,7,6,8
2018-07-21,6.075346031088684,94944,0,7,6,9
2018-07-22,0.0,95388,0,7,6,10
2018-07-23,6.173786103901937,94919,0,7,6,11
2018-07-24,6.2878585601617845,94939,0,7,6,12
2018-07-25,6.381816017406098,95073,0,7,6,13
2018-07-26,6.807934943699926,94683,0,7,6,14
2018-07-27,6.715383386334681,94215,0,7,6,15
2018-07-28,6.373319789577012,94044,0,7,6,16
2018-07-29,0.0,94345,0,7,6,17
2018-07-30,6.587550014824796,93644,0,7,6,18
2018-07-31,6.448889394146857,93370,0,7,6,19
2018-08-01,5.726847747587197,93584,0,8,6,20
2018-08-02,5.973809611869261,93735,0,8,6,21
2018-08-03,5.5053315359323625,93881,0,8,6,22
2018-08-04,6.744059186311347,93394,0,8,6,23
2018-08-05,0.0,93708,0,8,6,24
2018-08-06,6.734591659972947,92897,0,8,6,25
2018-08-07,6.490723534502507,92544,0,8,6,26
2018-08-08,6.311734809152914,92509,0,8,6,27
2018-08-09,6.81783057145415,92024,0,8,6,28
2018-08-10,6.878326468291324,91460,0,8,6,29
2018-08-11,6.742880635791903,91004,0,8,7,1
2018-08-12,0.0,91231,0,8,7,2
2018-08-13,6.872128101338986,90280,0,8,7,3
2018-08-14,6.437751649736401,90044,0,8,7,4
2018-08-15,6.295266001439646,90066,0,8,7,5
2018-08-16,7.215975002651466,89189,0,8,7,6
2018-08-17,7.307872780763706,88255,0,8,7,7
2018-08-18,7.040536390215955,87696,0,8,7,8
2018-08-19,0.6931471805599453,88192,0,8,7,9
2018-08-20,8.08271113423758,85051,0,8,7,10
2018-08-21,7.071573364211532,84462,0,8,7,11
2018-08-22,6.7580945044277305,84309,0,8,7,12
2018-08-23,8.27614021955846,81075,0,8,7,13
2018-08-24,8.238801165871548,77897,0,8,7,14
2018-08-25,7.379008127628304,76813,0,8,7,15
2018-08-26,1.9459101490553128,77248,0,8,7,16
2018-08-27,7.605890001053121,75328,0,8,7,17
2018-08-28,6.848005274576363,75047,0,8,7,18
2018-08-29,6.2766434893416445,75157,0,8,7,19
2018-08-30,7.065613363597717,74477,0,8,7,20
2018-08-31,7.110696122978827,73710,0,8,7,21
2018-09-01,5.976350909297934,73743,0,9,7,22
2018-09-02,0.0,74161,0,9,7,23
2018-09-03,5.799092654460526,74033,0,9,7,24
2018-09-04,6.57507584059962,73840,0,9,7,25
2018-09-05,6.0112671744041615,74304,0,9,7,26
2018-09-06,6.6039438246004725,74328,0,9,7,27
2018-09-07,6.511745329644728,74301,0,9,7,28
2018-09-08,6.410174881966167,74382,0,9,7,29
2018-09-09,0.0,74820,0,9,7,30
2018-09-10,6.396929655216146,74511,0,9,8,1
2018-09-11,6.09807428216624,74800,0,9,8,2
2018-09-12,6.236369590203704,75304,0,9,8,3
2018-09-13,6.309918278226516,75617,0,9,8,4
2018-09-14,6.484635235635252,75832,0,9,8,5
2018-09-15,6.20455776256869,76068,0,9,8,6
2018-09-16,0.0,76690,0,9,8,7
2018-09-17,3.9702919135521215,76645,0,9,8,8
2018-09-18,6.171700597410915,76533,0,9,8,9
2018-09-19,6.309918278226516,76739,0,9,8,10
2018-09-20,6.322565239927284,77011,0,9,8,11
2018-09-21,6.401917196727185,77237,0,9,8,12
2018-09-22,6.951772164398911,76558,0,9,8,13
2018-09-23,5.247024072160486,76582,0,9,8,14
2018-09-24,0.0,76582,0,9,8,15
2018-09-25,5.75890177387728,76992,0,9,8,16
2018-09-26,6.591673732008658,76698,0,9,8,17
2018-09-27,6.573680166960646,76751,0,9,8,18
2018-09-28,7.08002649992259,76161,0,9,8,19
2018-09-29,6.870053411798125,75228,0,9,8,20
2018-09-30,0.6931471805599453,75228,0,9,8,21
2018-10-01,1.791759469228055,75225,0,10,8,22
2018-10-02,0.0,75225,0,10,8,23
2018-10-03,0.0,75225,0,10,8,24
2018-10-04,5.966146739123692,76614,0,10,8,25
2018-10-05,6.295266001439646,76988,0,10,8,26
2018-10-06,6.104793232414985,77574,0,10,8,27
2018-10-07,0.0,78162,0,10,8,28
2018-10-08,6.637258031284457,77844,0,10,8,29
2018-10-09,6.418364935936212,78356,0,10,9,1
2018-10-10,6.272877006546167,79360,0,10,9,2
2018-10-11,6.734591659972947,79961,0,10,9,3
2018-10-12,6.92951677076365,80927,0,10,9,4
2018-10-13,5.733341276897745,82349,0,10,9,5
2018-10-14,0.0,83802,0,10,9,6
2018-10-15,7.101675971619444,82624,0,10,9,7
2018-10-16,6.401917196727185,82813,0,10,9,8
2018-10-17,6.502790045915623,82872,0,10,9,9
2018-10-18,6.841615476477592,82509,0,10,9,10
2018-10-19,6.747586526829315,82966,0,10,9,11
2018-10-20,6.150602768446279,84120,0,10,9,12
2018-10-21,3.6375861597263857,85442,0,10,9,13
2018-10-22,6.318968113746434,85809,0,10,9,14
2018-10-23,6.520621127558696,86578,0,10,9,15
2018-10-24,6.85751406254539,87387,0,10,9,16
2018-10-25,7.43543801981455,87380,0,10,9,17
2018-10-26,7.251344983372213,87531,0,10,9,18
2018-10-27,5.916202062607435,88697,0,10,9,19
2018-10-28,0.6931471805599453,89935,0,10,9,20
2018-10-29,7.164720378771857,88670,0,10,9,21
2018-10-30,6.938284484016959,89333,0,10,9,22
2018-10-31,7.194436851100334,90889,0,10,9,23
2018-11-01,6.856461984594587,90321,0,11,9,24
2018-11-02,6.966967138613983,89721,0,11,9,25
2018-11-03,4.143134726391533,90153,0,11,9,26
2018-11-04,0.0,90538,0,11,9,27
2018-11-05,6.934397209928558,89578,0,11,9,28
2018-11-06,6.331501849893691,89474,0,11,9,29
2018-11-07,7.333676395657683,88500,0,11,9,30
2018-11-08,7.04141166379481,87630,0,11,10,1
2018-11-09,6.77078942390898,87029,0,11,10,2
2018-11-10,7.389563953677634,85630,0,11,10,3
2018-11-11,7.22402480828583,84432,0,11,10,4
2018-11-12,6.885509670034817,83514,0,11,10,5
2018-11-13,6.327936783729195,83155,0,11,10,6
2018-11-14,6.104793232414985,82994,0,11,10,7
2018-11-15,6.398594934535208,82598,0,11,10,8
2018-11-16,5.991464547107982,82366,0,11,10,9
2018-11-17,5.135798437050261,82341,0,11,10,10
2018-11-18,0.0,82448,0,11,10,11
2018-11-19,6.111467339502678,82060,0,11,10,12
2018-11-20,5.697093486505405,81919,0,11,10,13
2018-11-21,5.666426688112432,81832,0,11,10,14
2018-11-22,5.948034989180646,81625,0,11,10,15
2018-11-23,6.171700597410915,81311,0,11,10,16
2018-11-24,4.890349128221754,81311,0,11,10,17
2018-11-25,0.0,81402,0,11,10,18
2018-11-26,6.329720905522696,80904,0,11,10,19
2018-11-27,6.246106765481563,80502,0,11,10,20
2018-11-28,6.489204931325317,80024,0,11,10,21
2018-11-29,6.687108607866514,79367,0,11,10,22
2018-11-30,7.509335266016592,77753,0,11,10,23
2018-12-01,7.203405521083095,76658,0,12,10,24
2018-12-02,5.225746673713201,76662,0,12,10,25
2018-12-03,6.104793232414985,76353,0,12,10,26
2018-12-04,5.805134968916488,76213,0,12,10,27
2018-12-05,5.978885764901122,76029,0,12,10,28
2018-12-06,5.918893854273146,75819,0,12,10,29
2018-12-07,6.19644412779452,75452,0,12,11,1
2018-12-08,5.75890177387728,75222,0,12,11,2
2018-12-09,0.0,75301,0,12,11,3
2018-12-10,5.953243334287784,74927,0,12,11,4
2018-12-11,5.468060141135131,74805,0,12,11,5
2018-12-12,5.768320995793772,74926,0,12,11,6
2018-12-13,5.834810737062605,74768,0,12,11,7
2018-12-14,5.981414211254481,74515,0,12,11,8
2018-12-15,5.796057750765372,74314,0,12,11,9
2018-12-16,0.0,74390,0,12,11,10
2018-12-17,5.627621113690637,74121,0,12,11,11
2018-12-18,5.159055299214529,74062,0,12,11,12
2018-12-19,5.973809611869261,73784,0,12,11,13
2018-12-20,6.255750041753367,73353,0,12,11,14
2018-12-21,5.8944028342648505,73104,0,12,11,15
2018-12-22,5.6594822157596205,72912,0,12,11,16
2018-12-23,0.0,72956,0,12,11,17
2018-12-24,6.021023349349526,72549,0,12,11,18
2018-12-25,5.82600010738045,72321,0,12,11,19
2018-12-26,6.450470422144176,71786,0,12,11,20
2018-12-27,7.170888478512505,70571,0,12,11,21
2018-12-28,7.388946097618437,69025,0,12,11,22
2018-12-29,7.251344983372213,67616,0,12,11,23
2018-12-30,0.0,67616,0,12,11,24
2018-12-31,4.691347882229144,67508,0,12,11,25
2019-01-01,2.3978952727983707,67500,0,1,11,26
2019-01-02,5.225746673713201,67569,0,1,11,27
2019-01-03,5.318119993844216,67427,0,1,11,28
2019-01-04,6.413458957167356,66924,0,1,11,29
2019-01-05,6.259581464064922,66493,0,1,11,30
2019-01-06,0.0,66579,0,1,12,1
2019-01-07,6.595780513961311,65849,0,1,12,2
2019-01-08,5.638354669333745,65672,0,1,12,3
2019-01-09,5.645446897643238,65487,0,1,12,4
2019-01-10,6.626717749249025,64812,0,1,12,5
2019-01-11,6.654152520183218,64116,0,1,12,6
2019-01-12,6.186208623900494,63700,0,1,12,7
2019-01-13,0.0,63753,0,1,12,8
2019-01-14,6.841615476477592,62821,0,1,12,9
2019-01-15,6.089044875446846,62491,0,1,12,10
2019-01-16,5.6594822157596205,62277,0,1,12,11
2019-01-17,6.642486801367256,61561,0,1,12,12
2019-01-18,6.82001636467413,60700,0,1,12,13
2019-01-19,6.6502790485874215,59994,0,1,12,14
2019-01-20,5.796057750765372,59701,0,1,12,15
2019-01-21,7.262628600974241,58278,0,1,12,16
2019-01-22,6.501289670540389,57683,0,1,12,17
2019-01-23,6.304448802421981,57195,0,1,12,18
2019-01-24,7.384610383176974,55635,0,1,12,19
2019-01-25,7.685703061234547,53515,0,1,12,20
2019-01-26,6.593044534142437,52794,0,1,12,21
2019-01-27,0.0,52794,0,1,12,22
2019-01-28,6.340359303727752,52239,0,1,12,23
2019-01-29,5.2094861528414205,52058,0,1,12,24
2019-01-30,6.350885716714739,51487,0,1,12,25
2019-01-31,0.0,51487,0,1,12,26
2019-02-01,2.197224577336219,51479,0,2,12,27
2019-02-02,0.0,51479,0,2,12,28
2019-02-03,0.6931471805599453,51478,0,2,12,29
2019-02-04,0.0,51478,0,2,12,30
2019-02-05,0.0,51478,0,2,1,1
2019-02-06,0.0,51478,0,2,1,2
2019-02-07,0.0,51478,0,2,1,3
2019-02-08,0.0,51478,0,2,1,4
2019-02-09,0.0,51478,0,2,1,5
2019-02-10,0.0,51478,0,2,1,6
2019-02-11,3.4657359027997265,51447,0,2,1,7
2019-02-12,3.9702919135521215,51712,0,2,1,8
2019-02-13,4.23410650459726,51951,0,2,1,9
2019-02-14,5.720311776607412,52155,0,2,1,10
2019-02-15,5.2832037287379885,52433,0,2,1,11
2019-02-16,4.948759890378168,52761,0,2,1,12
2019-02-17,0.0,52913,0,2,1,13
2019-02-18,5.093750200806762,52771,0,2,1,14
2019-02-19,5.351858133476067,52957,0,2,1,15
2019-02-20,5.198497031265825,53166,0,2,1,16
2019-02-21,6.089044875446846,53665,0,2,1,17
2019-02-22,5.733341276897745,54073,0,2,1,18
2019-02-23,5.459585514144159,54368,0,2,1,19
2019-02-24,0.0,55022,0,2,1,20
2019-02-25,5.5909869805108565,54866,0,2,1,21
2019-02-26,5.8944028342648505,55370,0,2,1,22
2019-02-27,6.218600119691729,55573,0,2,1,23
2019-02-28,6.902742737158593,55490,0,2,1,24
2019-03-01,7.529406457837013,54342,0,3,1,25
2019-03-02,6.911747300251674,54028,0,3,1,26
2019-03-03,0.0,54752,0,3,1,27
2019-03-04,6.226536669287466,54266,0,3,1,28
2019-03-05,6.734591659972947,54203,0,3,1,29
2019-03-06,6.437751649736401,54230,0,3,1,30
2019-03-07,6.504288173536645,54391,0,3,2,1
2019-03-08,6.20050917404269,54523,0,3,2,2
2019-03-09,5.8971538676367405,54691,0,3,2,3
2019-03-10,0.0,55235,0,3,2,4
2019-03-11,5.5909869805108565,54991,0,3,2,5
2019-03-12,5.831882477283517,55193,0,3,2,6
2019-03-13,5.820082930352362,55469,0,3,2,7
2019-03-14,6.18826412308259,55721,0,3,2,8
2019-03-15,6.008813185442595,55911,0,3,2,9
2019-03-16,5.786897381366708,56338,0,3,2,10
2019-03-17,0.0,56913,0,3,2,11
2019-03-18,5.5909869805108565,56680,0,3,2,12
2019-03-19,5.961005339623274,56946,0,3,2,13
2019-03-20,6.0112671744041615,56955,0,3,2,14
2019-03-21,6.2766434893416445,56929,0,3,2,15
2019-03-22,6.246106765481563,56874,0,3,2,16
2019-03-23,5.726847747587197,56955,0,3,2,17
2019-03-24,0.0,57259,0,3,2,18
2019-03-25,5.87493073085203,56914,0,3,2,19
2019-03-26,6.075346031088684,56861,0,3,2,20
2019-03-27,6.1092475827643655,56803,0,3,2,21
2019-03-28,6.576469569048224,56450,0,3,2,22
2019-03-29,6.182084906716631,56316,0,3,2,23
2019-03-30,5.90808293816893,56254,0,3,2,24
2019-03-31,0.0,56537,0,3,2,25
2019-04-01,5.1179938124167546,56400,0,4,2,26
2019-04-02,5.247024072160486,56517,0,4,2,27
2019-04-03,5.236441962829949,56681,0,4,2,28
2019-04-04,6.749931193788569,56222,0,4,2,29
2019-04-05,0.0,56223,0,4,3,1
2019-04-06,0.0,56223,0,4,3,2
2019-04-07,0.0,56223,0,4,3,3
2019-04-08,5.955837369464831,56146,0,4,3,4
2019-04-09,5.631211781821365,56349,0,4,3,5
2019-04-10,5.3981627015177525,56535,0,4,3,6
2019-04-11,6.056784013228624,56581,0,4,3,7
2019-04-12,5.666426688112432,56664,0,4,3,8
2019-04-13,5.7745515455444085,56656,0,4,3,9
2019-04-14,0.0,56954,0,4,3,10
2019-04-15,5.5093883366279774,56715,0,4,3,11
2019-04-16,5.572154032177765,56907,0,4,3,12
2019-04-17,5.549076084895219,57007,0,4,3,13
2019-04-18,5.8888779583328805,57057,0,4,3,14
2019-04-19,5.58724865840025,57147,0,4,3,15
2019-04-20,5.579729825986222,57155,0,4,3,16
2019-04-21,0.0,57424,0,4,3,17
2019-04-22,5.733341276897745,57119,0,4,3,18
2019-04-23,5.834810737062605,57099,0,4,3,19
2019-04-24,5.648974238161206,57112,0,4,3,20
2019-04-25,6.333279628139691,56986,0,4,3,21
2019-04-26,6.214608098422191,56823,0,4,3,22
2019-04-27,5.986452005284438,56880,0,4,3,23
2019-04-28,0.0,57351,0,4,3,24
2019-04-29,5.707110264748875,57055,0,4,3,25
2019-04-30,6.410174881966167,57014,0,4,3,26
2019-05-01,4.553876891600541,56920,0,5,3,27
2019-05-02,5.44673737166631,57187,0,5,3,28
2019-05-03,5.814130531825066,57259,0,5,3,29
2019-05-04,5.6594822157596205,57239,0,5,3,30
2019-05-05,0.0,57685,0,5,4,1
2019-05-06,5.8805329864007,57328,0,5,4,2
2019-05-07,6.432940092739179,57442,0,5,4,3
2019-05-08,5.805134968916488,57713,0,5,4,4
2019-05-09,6.167516490888341,57840,0,5,4,5
2019-05-10,6.937314081223681,57346,0,5,4,6
2019-05-11,5.98393628068719,57460,0,5,4,7
2019-05-12,0.0,57949,0,5,4,8
2019-05-13,5.7745515455444085,57632,0,5,4,9
2019-05-14,6.0330862217988015,57730,0,5,4,10
2019-05-15,5.926926025970411,57948,0,5,4,11
2019-05-16,6.29156913955832,57930,0,5,4,12
2019-05-17,6.013715156042801,58055,0,5,4,13
2019-05-18,5.7430031878094825,58267,0,5,4,14
2019-05-19,0.6931471805599453,58791,0,5,4,15
2019-05-20,5.910796644040527,58457,0,5,4,16
2019-05-21,5.808142489980444,58703,0,5,4,17
2019-05-22,6.056784013228624,58754,0,5,4,18
2019-05-23,6.51025834052315,58692,0,5,4,19
2019-05-24,6.356107660695891,58608,0,5,4,20
2019-05-25,6.210600077024653,58647,0,5,4,21
2019-05-26,0.0,59034,0,5,4,22
2019-05-27,6.1463292576688975,58575,0,5,4,23
2019-05-28,6.253828811575473,58534,0,5,4,24
2019-05-29,6.104793232414985,58773,0,5,4,25
2019-05-30,6.590301048196686,58586,0,5,4,26
2019-05-31,6.267200548541362,58543,0,5,4,27
2019-06-01,5.6937321388027,58728,0,6,4,28
2019-06-02,0.0,59208,0,6,4,29
2019-06-03,4.770684624465664,59101,0,6,5,1
2019-06-04,6.202535517187922,59184,0,6,5,2
2019-06-05,5.9427993751267,59449,0,6,5,3
2019-06-06,6.645090969505644,59418,0,6,5,4
2019-06-07,0.0,59418,0,6,5,5
2019-06-08,0.0,59653,0,6,5,6
2019-06-09,0.0,59694,0,6,5,7
2019-06-10,6.016157159698353,59950,0,6,5,8
2019-06-11,6.003887067106539,60678,0,6,5,9
2019-06-12,6.042632833682381,60995,0,6,5,10
2019-06-13,6.3080984415095305,61608,0,6,5,11
2019-06-14,6.249975242259483,62001,0,6,5,12
2019-06-15,6.0867747269123065,62562,0,6,5,13
2019-06-16,1.0986122886681096,63619,0,6,5,14
2019-06-17,5.6240175061873385,63356,0,6,5,15
2019-06-18,6.0822189103764455,64155,0,6,5,16
2019-06-19,5.802118375377063,64817,0,6,5,17
2019-06-20,6.529418838262225,65123,0,6,5,18
2019-06-21,6.224558429275359,65619,0,6,5,19
2019-06-22,6.09807428216624,65847,0,6,5,20
2019-06-23,0.6931471805599453,66548,0,6,5,21
2019-06-24,6.12029741895095,66101,0,6,5,22
2019-06-25,6.318968113746434,66383,0,6,5,23
2019-06-26,6.137727054086234,66688,0,6,5,24
2019-06-27,6.735780014242327,66831,0,6,5,25
2019-06-28,6.478509642208569,67091,0,6,5,26
2019-06-29,6.272877006546167,67479,0,6,5,27
2019-06-30,0.0,68467,0,6,5,28
2019-07-01,5.8111409929767,68932,0,7,5,29
2019-07-02,6.06842558824411,69125,0,7,5,30
2019-07-03,6.028278520230698,70125,0,7,6,1
2019-07-04,6.866933284461882,70328,0,7,6,2
2019-07-05,6.495265555937008,70754,0,7,6,3
2019-07-06,6.091309882077698,71229,0,7,6,4
2019-07-07,4.110873864173311,72321,0,7,6,5
2019-07-08,6.212606095751519,71826,0,7,6,6
2019-07-09,6.171700597410915,72475,0,7,6,7
2019-07-10,6.269096283706261,73380,0,7,6,8
2019-07-11,6.516193076042963,73603,0,7,6,9
2019-07-12,6.436150368369427,73616,0,7,6,10
2019-07-13,5.953243334287784,73900,0,7,6,11
2019-07-14,0.0,74496,0,7,6,12
2019-07-15,5.932245187448011,74134,0,7,6,13
2019-07-16,6.003887067106539,74584,0,7,6,14
2019-07-17,6.0112671744041615,75029,0,7,6,15
2019-07-18,6.4692503167957724,75505,0,7,6,16
2019-07-19,6.432940092739179,75663,0,7,6,17
2019-07-20,6.156978985585555,75941,0,7,6,18
2019-07-21,4.564348191467836,76524,0,7,6,19
2019-07-22,6.236369590203704,76024,0,7,6,20
2019-07-23,6.480044561926653,75974,0,7,6,21
2019-07-24,6.338594078203183,75855,0,7,6,22
2019-07-25,6.793466132580009,75534,0,7,6,23
2019-07-26,6.4754327167040895,75331,0,7,6,24
2019-07-27,5.926926025970411,75406,0,7,6,25
2019-07-28,2.5649493574615367,75686,0,7,6,26
2019-07-29,6.156978985585555,75218,0,7,6,27
2019-07-30,6.089044875446846,75061,0,7,6,28
2019-07-31,6.07993319509559,74900,0,7,6,29
2019-08-01,6.1463292576688975,74843,0,8,7,1
2019-08-02,5.58724865840025,74920,0,8,7,2
2019-08-03,5.123963979403259,75048,0,8,7,3
2019-08-04,2.302585092994045,75298,0,8,7,4
2019-08-05,6.705639094860002,74490,0,8,7,5
2019-08-06,5.998936561946683,74493,0,8,7,6
2019-08-07,5.7745515455444085,74545,0,8,7,7
2019-08-08,6.501289670540389,74299,0,8,7,8
2019-08-09,6.45833828334479,73983,0,8,7,9
2019-08-10,6.3784261836515865,73682,0,8,7,10
2019-08-11,0.0,73933,0,8,7,11
2019-08-12,6.5652649700353605,73226,0,8,7,12
2019-08-13,6.049733455231958,73124,0,8,7,13
2019-08-14,5.973809611869261,73003,0,8,7,14
2019-08-15,6.726233402358747,72503,0,8,7,15
2019-08-16,6.597145701886651,72049,0,8,7,16
2019-08-17,6.388561405545629,71658,0,8,7,17
2019-08-18,0.0,71881,0,8,7,18
2019-08-19,7.087573705557973,70687,0,8,7,19
2019-08-20,6.473890696352274,70293,0,8,7,20
2019-08-21,5.793013608384143,70204,0,8,7,21
2019-08-22,7.170119543449628,69283,0,8,7,22
2019-08-23,7.2019163175316265,68172,0,8,7,23
2019-08-24,6.51025834052315,67981,0,8,7,24
2019-08-25,0.0,68373,0,8,7,25
2019-08-26,7.150701457592526,67108,0,8,7,26
2019-08-27,6.459904454377535,67034,0,8,7,27
2019-08-28,6.063785208687608,67062,0,8,7,28
2019-08-29,6.91968384984741,66612,0,8,7,29
2019-08-30,6.733401891837359,67920,0,8,8,1
2019-08-31,6.411818267709897,68756,0,8,8,2
2019-09-01,4.127134385045092,69971,0,9,8,3
2019-09-02,5.786897381366708,70148,0,9,8,4
2019-09-03,6.3784261836515865,70732,0,9,8,5
2019-09-04,6.863803391452954,70836,0,9,8,6
2019-09-05,7.254884810077337,70066,0,9,8,7
2019-09-06,7.036148493750535,69625,0,9,8,8
2019-09-07,6.775366090936391,69437,0,9,8,9
2019-09-08,1.6094379124341005,69974,0,9,8,10
2019-09-09,6.523562306149512,69809,0,9,8,11
2019-09-10,6.396929655216146,69605,0,9,8,12
2019-09-11,5.869296913133774,69798,0,9,8,13
2019-09-12,6.910750787961935,69361,0,9,8,14
2019-09-13,0.0,69361,0,9,8,15
2019-09-14,0.0,70005,0,9,8,16
2019-09-15,0.6931471805599453,70004,0,9,8,17
2019-09-16,5.948034989180646,69658,0,9,8,18
2019-09-17,6.284134161070802,69710,0,9,8,19
2019-09-18,5.7745515455444085,69681,0,9,8,20
2019-09-19,6.456769655572163,69423,0,9,8,21
2019-09-20,6.066108090103747,69270,0,9,8,22
2019-09-21,5.700443573390686,69269,0,9,8,23
2019-09-22,0.0,69520,0,9,8,24
2019-09-23,6.07993319509559,69093,0,9,8,25
2019-09-24,6.052089168924416,69084,0,9,8,26
2019-09-25,5.7899601708972535,69112,0,9,8,27
2019-09-26,6.551080335043404,68817,0,9,8,28
2019-09-27,6.2878585601617845,68748,0,9,8,29
2019-09-28,6.429719478039137,68130,0,9,8,30
2019-09-29,0.0,68130,0,9,9,1
2019-09-30,3.4011973816621555,68101,0,9,9,2
2019-10-01,4.787491742782046,67982,0,10,9,3
2019-10-02,0.0,67982,0,10,9,4
2019-10-03,0.0,67982,0,10,9,5
2019-10-04,5.375278407684164,68238,0,10,9,6
2019-10-05,6.0822189103764455,68180,0,10,9,7
2019-10-06,0.0,68464,0,10,9,8
2019-10-07,5.730099782973574,68159,0,10,9,9
2019-10-08,5.545177444479562,68231,0,10,9,10
2019-10-09,5.872117789475416,67892,0,10,9,11
2019-10-10,6.042632833682381,67496,0,10,9,12
2019-10-11,5.857933154483459,67165,0,10,9,13
2019-10-12,5.655991810819852,66894,0,10,9,14
2019-10-13,0.0,66902,0,10,9,15
2019-10-14,5.2094861528414205,66749,0,10,9,16
2019-10-15,6.0112671744041615,66348,0,10,9,17
2019-10-16,5.556828061699537,66097,0,10,9,18
2019-10-17,5.883322388488279,65747,0,10,9,19
2019-10-18,5.973809611869261,65364,0,10,9,20
2019-10-19,5.262690188904886,65181,0,10,9,21
2019-10-20,0.6931471805599453,65185,0,10,9,22
2019-10-21,5.0238805208462765,65038,0,10,9,23
2019-10-22,5.231108616854587,64860,0,10,9,24
2019-10-23,5.720311776607412,64563,0,10,9,25
2019-10-24,5.950642552587727,64186,0,10,9,26
2019-10-25,5.988961416889863,63796,0,10,9,27
2019-10-26,5.796057750765372,63474,0,10,9,28
2019-10-27,0.0,63477,0,10,9,29
2019-10-28,5.739792912179234,63171,0,10,10,1
2019-10-29,5.308267697401204,62971,0,10,10,2
2019-10-30,5.017279836814924,62827,0,10,10,3
2019-10-31,5.746203190540153,62521,0,10,10,4
2019-11-01,6.663132695990803,61747,0,11,10,5
2019-11-02,3.610917912644224,61717,0,11,10,6
2019-11-03,0.0,61718,0,11,10,7
2019-11-04,5.627621113690637,61442,0,11,10,8
2019-11-05,6.329720905522696,60883,0,11,10,9
2019-11-06,5.846438775057724,60542,0,11,10,10
2019-11-07,6.133398042996649,60082,0,11,10,11
2019-11-08,6.533788837933344,59396,0,11,10,12
2019-11-09,5.583496308781699,59131,0,11,10,13
2019-11-10,0.0,59131,0,11,10,14
2019-11-11,6.251903883165888,58613,0,11,10,15
2019-11-12,5.793013608384143,58287,0,11,10,16
2019-11-13,6.405228458030841,57684,0,11,10,17
2019-11-14,6.089044875446846,57248,0,11,10,18
2019-11-15,6.771935555839602,56377,0,11,10,19
2019-11-16,5.855071922202427,56029,0,11,10,20
2019-11-17,0.0,56029,0,11,10,21
2019-11-18,6.418364935936212,55417,0,11,10,22
2019-11-19,5.730099782973574,55114,0,11,10,23
2019-11-20,5.924255797414531,54741,0,11,10,24
2019-11-21,5.924255797414531,54370,0,11,10,25
2019-11-22,6.2166061010848646,53871,0,11,10,26
2019-11-23,5.424950017481402,53645,0,11,10,27
2019-11-24,0.0,53645,0,11,10,28
2019-11-25,6.278521424165844,53113,0,11,10,29
2019-11-26,5.948034989180646,52731,0,11,11,1
2019-11-27,6.354370040797351,52158,0,11,11,2
2019-11-28,6.670766320845874,51371,0,11,11,3
2019-11-29,6.364750756851911,50826,0,11,11,4
2019-11-30,6.996681488176538,49890,0,11,11,5
2019-12-01,6.551080335043404,49344,0,12,11,6
2019-12-02,4.77912349311153,49239,0,12,11,7
2019-12-03,4.304065093204169,49257,0,12,11,8
2019-12-04,5.420534999272285,49183,0,12,11,9
2019-12-05,5.69035945432406,48988,0,12,11,10
2019-12-06,5.749392985908253,48743,0,12,11,11
2019-12-07,5.147494476813453,48639,0,12,11,12
2019-12-08,0.0,48733,0,12,11,13
2019-12-09,5.099866427824198,48573,0,12,11,14
2019-12-10,5.087596335232384,48535,0,12,11,15
2019-12-11,5.181783550292085,48429,0,12,11,16
2019-12-12,5.267858159063328,48343,0,12,11,17
2019-12-13,5.402677381872279,48251,0,12,11,18
2019-12-14,5.10594547390058,48575,0,12,11,19
2019-12-15,0.0,48981,0,12,11,20
2019-12-16,5.318119993844216,48964,0,12,11,21
2019-12-17,5.332718793265369,49062,0,12,11,22
2019-12-18,5.099866427824198,49197,0,12,11,23
2019-12-19,6.150602768446279,49081,0,12,11,24
2019-12-20,5.69035945432406,49268,0,12,11,25
2019-12-21,5.087596335232384,49593,0,12,11,26
2019-12-22,0.0,50037,0,12,11,27
2019-12-23,5.739792912179234,49968,0,12,11,28
2019-12-24,6.29156913955832,49790,0,12,11,29
2019-12-25,6.244166900663736,49586,0,12,11,30
2019-12-26,6.77078942390898,49011,0,12,12,1
2019-12-27,6.306275286948015,48818,0,12,12,2
2019-12-28,6.190315405853147,48602,0,12,12,3
2019-12-29,0.0,48983,0,12,12,4
2019-12-30,6.13122648948314,49051,0,12,12,5
2019-12-31,5.521460917862246,50195,0,12,12,6
2020-01-01,3.8501476017100575,50149,0,1,12,7
2020-01-02,5.934894195619588,51261,0,1,12,8
2020-01-03,5.948034989180646,51524,0,1,12,9
2020-01-04,6.522092798170152,51629,0,1,12,10
2020-01-05,1.3862943611198906,52307,0,1,12,11
2020-01-06,6.963189985870238,51978,0,1,12,12
2020-01-07,6.315358001522335,52083,0,1,12,13
2020-01-08,5.805134968916488,52278,0,1,12,14
2020-01-09,6.642486801367256,52031,0,1,12,15
2020-01-10,6.651571873589727,51935,0,1,12,16
2020-01-11,6.236369590203704,52222,0,1,12,17
2020-01-12,0.0,52359,0,1,12,18
2020-01-13,6.863803391452954,51405,0,1,12,19
2020-01-14,6.415096959171595,51221,0,1,12,20
2020-01-15,7.379008127628304,49635,0,1,12,21
2020-01-16,7.290292882446597,48308,0,1,12,22
2020-01-17,6.075346031088684,47882,0,1,12,23
2020-01-18,5.3706380281276624,47670,0,1,12,24
2020-01-19,0.6931471805599453,47669,0,1,12,25
2020-01-20,0.6931471805599453,47668,0,1,12,26
2020-01-21,0.0,47668,0,1,12,27
2020-01-22,0.0,47668,0,1,12,28
2020-01-23,1.0986122886681096,47666,0,1,12,29
2020-01-24,0.6931471805599453,47665,0,1,12,30
2020-01-25,0.0,47665,0,1,1,1
2020-01-26,0.0,47665,0,1,1,2
2020-01-27,0.0,47665,0,1,1,3
2020-01-28,0.0,47665,0,1,1,4
2020-01-29,0.0,47665,0,1,1,5
2020-01-30,1.6094379124341005,47661,0,1,1,6
2020-01-31,6.133398042996649,47201,0,1,1,7
2020-02-01,2.079441541679836,47194,2,2,1,8
2020-02-02,4.48863636973214,47106,2,2,1,9
2020-02-03,1.791759469228055,47101,2,2,1,10
2020-02-04,4.204692619390966,47035,2,2,1,11
2020-02-05,2.6390573296152584,47022,2,2,1,12
2020-02-06,2.3978952727983707,47012,2,2,1,13
2020-02-07,4.59511985013459,46914,2,2,1,14
2020-02-08,1.6094379124341005,46910,2,2,1,15
2020-02-09,1.0986122886681096,46908,2,2,1,16
2020-02-10,3.6635616461296463,46870,2,2,1,17
2020-02-11,2.079441541679836,46863,2,2,1,18
2020-02-12,0.6931471805599453,46862,2,2,1,19
2020-02-13,2.6390573296152584,46849,2,2,1,20
2020-02-14,1.9459101490553128,46843,2,2,1,21
2020-02-15,0.0,46843,2,2,1,22
2020-02-16,0.6931471805599453,46842,2,2,1,23
2020-02-17,1.3862943611198906,46839,2,2,1,24
2020-02-18,1.9459101490553128,46833,2,2,1,25
2020-02-19,2.3978952727983707,46824,2,2,1,26
2020-02-20,6.548219102762372,46127,2,2,1,27
2020-02-21,6.833031732786201,45201,2,2,1,28
2020-02-22,4.983606621708336,45056,2,2,1,29
2020-02-23,5.700443573390686,44927,2,2,2,1
2020-02-24,5.840641657373398,44585,2,2,2,2
2020-02-25,6.107022887742254,44328,2,2,2,3
2020-02-26,3.555348061489413,44294,2,2,2,4
2020-02-27,6.34738920965601,43851,2,2,2,5
2020-02-28,5.846438775057724,43571,2,2,2,6
2020-02-29,5.537334267018537,43928,2,2,2,7
2020-03-01,2.833213344056216,44748,2,3,2,8
2020-03-02,5.1298987149230735,45655,2,3,2,9
2020-03-03,6.202535517187922,46499,2,3,2,10
2020-03-04,4.955827057601261,47653,2,3,2,11
2020-03-05,5.8971538676367405,49497,2,3,2,12
2020-03-06,6.19644412779452,50543,2,3,2,13
2020-03-07,5.488937726156686,52439,2,3,2,14
2020-03-08,5.147494476813453,54041,2,3,2,15
2020-03-09,6.107022887742254,54990,2,3,2,16
2020-03-10,6.423246963533519,55872,2,3,2,17
2020-03-11,5.768320995793772,57127,2,3,2,18
2020-03-12,6.5998704992128365,57831,2,3,2,19
2020-03-13,6.661854740545311,58408,2,3,2,20
2020-03-14,6.214608098422191,58820,2,3,2,21
2020-03-15,4.564348191467836,59505,2,3,2,22
2020-03-16,6.084499413075172,59078,2,3,2,23
2020-03-17,7.04490511712937,58504,2,3,2,24
2020-03-18,5.955837369464831,58870,2,3,2,25
2020-03-19,6.568077911411976,59085,2,3,2,26
2020-03-20,6.104793232414985,59300,2,3,2,27
2020-03-21,6.226536669287466,59567,2,3,2,28
2020-03-22,3.526360524616161,60053,2,3,2,29
2020-03-23,5.730099782973574,59759,2,3,2,30
2020-03-24,6.326149473155099,59867,2,3,3,1
2020-03-25,6.175867270105761,59892,2,3,3,2
2020-03-26,6.563855526532128,59768,2,3,3,3
2020-03-27,6.80128303447162,59377,2,3,3,4
2020-03-28,6.267200548541362,59264,2,3,3,5
2020-03-29,0.0,59590,2,3,3,6
2020-03-30,5.739792912179234,59285,2,3,3,7
2020-03-31,6.643789733147672,59087,2,3,3,8
2020-04-01,6.263398262591624,58976,2,4,3,9
2020-04-02,6.439350371100098,58765,2,4,3,10
2020-04-03,5.3706380281276624,58935,2,4,3,11
2020-04-04,0.0,58935,2,4,3,12
2020-04-05,0.0,58935,2,4,3,13
2020-04-06,6.322565239927284,58754,2,4,3,14
2020-04-07,6.393590753950631,58169,2,4,3,15
2020-04-08,6.42648845745769,57555,2,4,3,16
2020-04-09,6.2766434893416445,57030,2,4,3,17
2020-04-10,6.1463292576688975,56568,2,4,3,18
2020-04-11,6.042632833682381,56188,2,4,3,19
2020-04-12,1.9459101490553128,56187,2,4,3,20
2020-04-13,5.90808293816893,55821,2,4,3,21
2020-04-14,6.06842558824411,55393,2,4,3,22
2020-04-15,6.3835066348840055,54806,2,4,3,23
2020-04-16,5.8805329864007,54454,2,4,3,24
2020-04-17,6.293419278846481,53916,2,4,3,25
2020-04-18,4.852030263919617,53793,2,4,3,26
2020-04-19,1.6094379124341005,53790,2,4,3,27
2020-04-20,6.645090969505644,53022,2,4,3,28
2020-04-21,6.023447592961032,52613,2,4,3,29
2020-04-22,5.068904202220232,52463,2,4,3,30
2020-04-23,5.8522024797744745,52125,2,4,4,1
2020-04-24,5.525452939131784,51881,2,4,4,2
2020-04-25,5.2832037287379885,51690,2,4,4,3
2020-04-26,0.0,51765,2,4,4,4
2020-04-27,5.910796644040527,51398,2,4,4,5
2020-04-28,5.030437921392435,51247,2,4,4,6
2020-04-29,6.040254711277414,50845,2,4,4,7
2020-04-30,6.959398512133975,49797,2,4,4,8
2020-05-01,6.224558429275359,49293,1,5,4,9
2020-05-02,0.0,49293,1,5,4,10
2020-05-03,0.0,49293,1,5,4,11
2020-05-04,5.318119993844216,49097,1,5,4,12
2020-05-05,5.438079308923196,48874,1,5,4,13
2020-05-06,5.857933154483459,48531,1,5,4,14
2020-05-07,6.486160788944089,47894,1,5,4,15
2020-05-08,6.089044875446846,47462,1,5,4,16
2020-05-09,4.770684624465664,47361,1,5,4,17
2020-05-10,0.0,47372,1,5,4,18
2020-05-11,5.5053315359323625,47127,1,5,4,19
2020-05-12,4.820281565605037,47011,1,5,4,20
2020-05-13,5.497168225293201,46912,1,5,4,21
2020-05-14,5.141663556502659,46745,1,5,4,22
2020-05-15,5.075173815233827,46594,1,5,4,23
2020-05-16,4.290459441148391,47109,1,5,4,24
2020-05-17,0.0,47344,1,5,4,25
2020-05-18,5.164785973923514,47471,1,5,4,26
2020-05-19,4.663439094112067,47552,1,5,4,27
2020-05-20,4.859812404361672,47525,1,5,4,28
2020-05-21,5.652489180268651,47439,1,5,4,29
2020-05-22,5.739792912179234,47366,1,5,4,30
2020-05-23,5.455321115357701,47342,1,5,4,1
2020-05-24,1.791759469228055,48082,1,5,4,2
2020-05-25,5.5093883366279774,48564,1,5,4,3
2020-05-26,5.953243334287784,48864,1,5,4,4
2020-05-27,6.05443934626937,49167,1,5,4,5
2020-05-28,6.652863029353346,49292,1,5,4,6
2020-05-29,6.297109319933935,49686,1,5,4,7
2020-05-30,6.263398262591624,50138,1,5,4,8
2020-05-31,1.9459101490553128,51145,1,5,4,9
2020-06-01,6.405228458030841,50598,1,6,4,10
2020-06-02,6.0867747269123065,51170,1,6,4,11
2020-06-03,6.154858094016418,51821,1,6,4,12
2020-06-04,6.690842277418563,52543,1,6,4,13
2020-06-05,6.714170529909471,53075,1,6,4,14
2020-06-06,5.572154032177765,54083,1,6,4,15
2020-06-07,0.0,55328,1,6,4,16
2020-06-08,6.710523109452428,54525,1,6,4,17
2020-06-09,6.660575149839686,54811,1,6,4,18
2020-06-10,6.593044534142437,55241,1,6,4,19
2020-06-11,6.692083742506628,55690,1,6,4,20
2020-06-12,6.722629794855448,56042,1,6,4,21
2020-06-13,5.541263545158426,56884,1,6,4,22
2020-06-14,0.0,57978,1,6,4,23
2020-06-15,7.076653815443951,57680,1,6,4,24
2020-06-16,6.610696044717759,57446,1,6,4,25
2020-06-17,6.715383386334681,57781,1,6,4,26
2020-06-18,7.040536390215955,57713,1,6,4,27
2020-06-19,6.669498089857879,57899,1,6,4,28
2020-06-20,5.777652323222656,58510,1,6,4,29
2020-06-21,2.197224577336219,59451,1,6,5,1
2020-06-22,6.90875477931522,59205,1,6,5,2
2020-06-23,6.806829360392176,58743,1,6,5,3
2020-06-24,2.197224577336219,59426,1,6,5,4
2020-06-25,0.0,60103,1,6,5,5
2020-06-26,6.83087423464618,59901,1,6,5,6
2020-06-27,6.161207321695076,60495,1,6,5,7
2020-06-28,6.380122536899765,60824,1,6,5,8
2020-06-29,6.529418838262225,61407,1,6,5,9
2020-06-30,6.761572768804055,61611,1,6,5,10
2020-07-01,6.938284484016959,62456,1,7,5,11
2020-07-02,6.966024187106113,63434,1,7,5,12
2020-07-03,6.693323668269948,64748,1,7,5,13
2020-07-04,6.156978985585555,66898,1,7,5,14
2020-07-05,0.0,69362,1,7,5,15
2020-07-06,7.242082359256962,69859,1,7,5,16
2020-07-07,7.0166096838942185,70674,1,7,5,17
2020-07-08,7.039660349862076,71573,1,7,5,18
2020-07-09,7.098375638590786,72231,1,7,5,19
2020-07-10,6.848005274576363,73063,1,7,5,20
2020-07-11,6.282266746896006,74094,1,7,5,21
2020-07-12,0.0,75383,1,7,5,22
2020-07-13,6.7381524945959566,74558,1,7,5,23
2020-07-14,6.595780513961311,75076,1,7,5,24
2020-07-15,6.75343791859778,75380,1,7,5,25
2020-07-16,6.831953565565855,75414,1,7,5,26
2020-07-17,6.579251212010101,75589,1,7,5,27
2020-07-18,5.846438775057724,76166,1,7,5,28
2020-07-19,0.0,77019,1,7,5,29
2020-07-20,6.720220155135295,76207,1,7,5,30
2020-07-21,6.3835066348840055,76532,1,7,6,1
2020-07-22,6.583409222158765,76710,1,7,6,2
2020-07-23,6.926577033222725,76541,1,7,6,3
2020-07-24,6.739336627357174,76340,1,7,6,4
2020-07-25,6.284134161070802,76469,1,7,6,5
2020-07-26,0.0,77112,1,7,6,6
2020-07-27,6.848005274576363,76191,1,7,6,7
2020-07-28,6.705639094860002,75969,1,7,6,8
2020-07-29,6.731018100482083,75815,1,7,6,9
2020-07-30,7.150701457592526,75116,1,7,6,10
2020-07-31,6.99117688712121,74622,1,7,6,11
2020-08-01,6.349138991379798,74566,1,8,6,12
2020-08-02,1.3862943611198906,75688,1,8,6,13
2020-08-03,6.51025834052315,75019,1,8,6,14
2020-08-04,6.682108597449808,75671,1,8,6,15
2020-08-05,6.651571873589727,76043,1,8,6,16
2020-08-06,7.112327444710911,75961,1,8,6,17
2020-08-07,6.918695219020472,75772,1,8,6,18
2020-08-08,6.551080335043404,75837,1,8,6,19
2020-08-09,0.0,76333,1,8,6,20
2020-08-10,6.976348070447749,75275,1,8,6,21
2020-08-11,6.879355804460439,75012,1,8,6,22
2020-08-12,6.81783057145415,74657,1,8,6,23
2020-08-13,7.271703706887368,73667,1,8,6,24
2020-08-14,5.733341276897745,73701,1,8,6,25
2020-08-15,7.190676034332207,72712,1,8,6,26
2020-08-16,0.0,73389,1,8,6,27
2020-08-17,7.208600337960199,72512,1,8,6,28
2020-08-18,6.841615476477592,72102,1,8,6,29
2020-08-19,6.8243736700430855,71834,1,8,7,1
2020-08-20,7.214504414151143,71067,1,8,7,2
2020-08-21,7.201170883281678,70224,1,8,7,3
2020-08-22,7.270312886079025,69380,1,8,7,4
2020-08-23,0.0,70032,1,8,7,5
2020-08-24,7.48324441607385,69239,1,8,7,6
2020-08-25,7.4465850991577245,68131,1,8,7,7
2020-08-26,7.582229194276461,67546,1,8,7,8
2020-08-27,7.568379267836522,67036,1,8,7,9
2020-08-28,7.265429723253953,66885,1,8,7,10
2020-08-29,7.355001921105256,66739,1,8,7,11
2020-08-30,4.143134726391533,68094,1,8,7,12
2020-08-31,7.658227526161352,68895,1,8,7,13
2020-09-01,7.360103972989152,67527,1,9,7,14
2020-09-02,7.138866999945524,66415,1,9,7,15
2020-09-03,7.218176838403407,66608,1,9,7,16
2020-09-04,7.304515946460155,66350,1,9,7,17
2020-09-05,6.795705775173514,66695,1,9,7,18
2020-09-06,3.8712010109078903,67871,1,9,7,19
2020-09-07,7.410951875583635,67263,1,9,7,20
2020-09-08,7.1569563646156364,66651,1,9,7,21
2020-09-09,6.781057625936179,67316,1,9,7,22
2020-09-10,7.3938782901077555,67067,1,9,7,23
2020-09-11,7.1631723908466425,67036,1,9,7,24
2020-09-12,6.259581464064922,67596,1,9,7,25
2020-09-13,0.0,68697,1,9,7,26
2020-09-14,6.97354301952014,67637,1,9,7,27
2020-09-15,6.729824070489475,69120,1,9,7,28
2020-09-16,6.616065185132817,68584,1,9,7,29
2020-09-17,7.03085747611612,68589,1,9,8,1
2020-09-18,6.901737206656573,68293,1,9,8,2
2020-09-19,6.284134161070802,68235,1,9,8,3
2020-09-20,0.0,68425,1,9,8,4
2020-09-21,7.03085747611612,67322,1,9,8,5
2020-09-22,6.618738983517219,66935,1,9,8,6
2020-09-23,6.576469569048224,66545,1,9,8,7
2020-09-24,6.98100574072173,65807,1,9,8,8
2020-09-25,6.899723107284872,65181,1,9,8,9
2020-09-26,6.484635235635252,64909,1,9,8,10
2020-09-27,0.0,65357,1,9,8,11
2020-09-28,7.215975002651466,63997,1,9,8,12
2020-09-29,7.619233416226805,62693,1,9,8,13
2020-09-30,7.120444372392488,61457,1,9,8,14
2020-10-01,3.610917912644224,61421,1,10,8,15
2020-10-02,0.0,61421,1,10,8,16
2020-10-03,0.0,61432,1,10,8,17
2020-10-04,0.0,61471,1,10,8,18
2020-10-05,0.0,61541,1,10,8,19
2020-10-06,6.6240652277998935,61494,1,10,8,20
2020-10-07,6.418364935936212,61233,1,10,8,21
2020-10-08,6.688354713946762,60801,1,10,8,22
2020-10-09,6.86484777797086,60313,1,10,8,23
2020-10-10,5.996452088619021,60365,1,10,8,24
2020-10-11,0.0,60796,1,10,8,25
2020-10-12,6.342121418721151,60632,1,10,8,26
2020-10-13,6.028278520230698,60531,1,10,8,27
2020-10-14,6.077642243349034,60633,1,10,8,28
2020-10-15,6.533788837933344,60557,1,10,8,29
2020-10-16,6.34738920965601,60608,1,10,8,30
2020-10-17,5.736572297479192,60934,1,10,9,1
2020-10-18,2.772588722239781,61565,1,10,9,2
2020-10-19,6.05443934626937,61669,1,10,9,3
2020-10-20,6.2878585601617845,61551,1,10,9,4
2020-10-21,6.0867747269123065,61858,1,10,9,5
2020-10-22,6.48768401848461,61970,1,10,9,6
2020-10-23,6.517671272912275,62002,1,10,9,7
2020-10-24,5.996452088619021,62283,1,10,9,8
2020-10-25,1.0986122886681096,62803,1,10,9,9
2020-10-26,6.403574197934815,62657,1,10,9,10
2020-10-27,6.674561391814426,62094,1,10,9,11
2020-10-28,6.478509642208569,61977,1,10,9,12
2020-10-29,6.767343125265392,61594,1,10,9,13
2020-10-30,6.523562306149512,61465,1,10,9,14
2020-10-31,6.366470447731437,61264,1,10,9,15
2020-11-01,3.610917912644224,61721,1,11,9,16
2020-11-02,6.672032945461067,61329,1,11,9,17
2020-11-03,6.324358962381311,61086,1,11,9,18
2020-11-04,6.161207321695076,61253,1,11,9,19
2020-11-05,6.651571873589727,61046,1,11,9,20
2020-11-06,6.390240667065349,60984,1,11,9,21
2020-11-07,6.111467339502678,61023,1,11,9,22
2020-11-08,0.0,61536,1,11,9,23
2020-11-09,6.396929655216146,61355,1,11,9,24
2020-11-10,6.265301212737709,61008,1,11,9,25
2020-11-11,6.008813185442595,61070,1,11,9,26
2020-11-12,6.481577129276431,60889,1,11,9,27
2020-11-13,6.171700597410915,60818,1,11,9,28
2020-11-14,5.438079308923196,61455,1,11,9,29
2020-11-15,1.6094379124341005,62472,1,11,10,1
2020-11-16,6.317164686747284,62843,1,11,10,2
2020-11-17,6.306275286948015,62833,1,11,10,3
2020-11-18,6.075346031088684,63563,1,11,10,4
2020-11-19,6.755768921984255,63790,1,11,10,5
2020-11-20,6.5652649700353605,64175,1,11,10,6
2020-11-21,5.673323267171492,64946,1,11,10,7
2020-11-22,1.3862943611198906,65954,1,11,10,8
2020-11-23,6.6320017773956295,65961,1,11,10,9
2020-11-24,6.708084083853069,65609,1,11,10,10
2020-11-25,6.4723462945009,65878,1,11,10,11
2020-11-26,7.040536390215955,65606,1,11,10,12
2020-11-27,6.655440350367647,65744,1,11,10,13
2020-11-28,6.224558429275359,66045,1,11,10,14
2020-11-29,0.0,66781,1,11,10,15
2020-11-30,6.952728644624868,66142,1,11,10,16
2020-12-01,8.00969535774292,63243,1,12,10,17
2020-12-02,6.366470447731437,63238,1,12,10,18
2020-12-03,6.456769655572163,63120,1,12,10,19
2020-12-04,6.371611847231856,63055,1,12,10,20
2020-12-05,5.8888779583328805,63371,1,12,10,21
2020-12-06,2.079441541679836,63922,1,12,10,22
2020-12-07,6.418364935936212,63807,1,12,10,23
2020-12-08,6.270988431858299,63537,1,12,10,24
2020-12-09,6.154858094016418,63658,1,12,10,25
2020-12-10,6.818924065275521,63379,1,12,10,26
2020-12-11,6.278521424165844,63574,1,12,10,27
2020-12-12,5.6594822157596205,64194,1,12,10,28
2020-12-13,3.526360524616161,65002,1,12,10,29
2020-12-14,6.363028103540465,65155,1,12,10,30
2020-12-15,6.371611847231856,64944,1,12,11,1
2020-12-16,6.324358962381311,65363,1,12,11,2
2020-12-17,6.720220155135295,65270,1,12,11,3
2020-12-18,6.329720905522696,65577,1,12,11,4
2020-12-19,5.857933154483459,65967,1,12,11,5
2020-12-20,1.791759469228055,66617,1,12,11,6
2020-12-21,6.411818267709897,66615,1,12,11,7
2020-12-22,6.289715570908997,66399,1,12,11,8
2020-12-23,6.501289670540389,66544,1,12,11,9
2020-12-24,6.98100574072173,66302,1,12,11,10
2020-12-25,6.602587892189336,66449,1,12,11,11
2020-12-26,5.948034989180646,67012,1,12,11,12
2020-12-27,1.3862943611198906,67753,1,12,11,13
2020-12-28,6.508769136971681,67782,1,12,11,14
2020-12-29,6.62273632394984,67175,1,12,11,15
2020-12-30,6.736966958001855,67301,1,12,11,16
2020-12-31,7.640603826393634,66068,1,12,11,17
2021-01-01,3.044522437723423,66048,1,1,11,18
2021-01-02,2.6390573296152584,66793,1,1,11,19
2021-01-03,2.9444389791664403,67727,1,1,11,20
2021-01-04,7.139660335964919,67124,1,1,11,21
2021-01-05,6.453624998892692,67220,1,1,11,22
2021-01-06,6.20455776256869,67615,1,1,11,23
2021-01-07,6.928537818164665,67543,1,1,11,24
2021-01-08,6.663132695990803,67470,1,1,11,25
2021-01-09,6.424869023905387,67526,1,1,11,26
2021-01-10,0.0,68040,1,1,11,27
2021-01-11,6.721425700790643,67217,1,1,11,28
2021-01-12,6.57507584059962,67698,1,1,11,29
2021-01-13,6.424869023905387,67604,1,1,12,1
2021-01-14,7.049254841255836,66826,1,1,12,2
2021-01-15,7.109879463072272,65966,1,1,12,3
2021-01-16,6.150602768446279,65814,1,1,12,4
2021-01-17,1.791759469228055,66057,1,1,12,5
2021-01-18,6.803505257608338,65471,1,1,12,6
2021-01-19,6.44094654063292,65036,1,1,12,7
2021-01-20,6.376726947898627,64746,1,1,12,8
2021-01-21,7.173958319756793,63669,1,1,12,9
2021-01-22,6.7381524945959566,63014,1,1,12,10
2021-01-23,6.244166900663736,62709,1,1,12,11
2021-01-24,0.0,62855,1,1,12,12
2021-01-25,7.275864600546532,61416,1,1,12,13
2021-01-26,7.09672137849476,60369,1,1,12,14
2021-01-27,6.763884908562435,59628,1,1,12,15
2021-01-28,7.449498005382849,58009,1,1,12,16
2021-01-29,7.112327444710911,56881,1,1,12,17
2021-01-30,6.811244378601293,56108,1,1,12,18
2021-01-31,0.0,56191,1,1,12,19
2021-02-01,9.014325488050224,47990,1,2,12,20
2021-02-02,6.6293632534374485,47330,1,2,12,21
2021-02-03,6.400257445308821,46765,1,2,12,22
2021-02-04,7.2254814727822945,45414,1,2,12,23
2021-02-05,7.163946684342547,44142,1,2,12,24
2021-02-06,5.723585101952381,43838,1,2,12,25
2021-02-07,0.6931471805599453,43837,1,2,12,26
2021-02-08,0.0,43839,1,2,12,27
2021-02-09,0.0,43839,1,2,12,28
2021-02-10,0.0,43839,1,2,12,29
2021-02-11,0.0,43839,1,2,12,30
2021-02-12,0.0,43839,1,2,1,1
2021-02-13,0.0,43839,1,2,1,2
2021-02-14,0.0,43839,1,2,1,3
2021-02-15,0.0,43839,1,2,1,4
2021-02-16,0.0,43839,1,2,1,5
2021-02-17,0.0,43839,1,2,1,6
2021-02-18,5.480638923341991,43645,1,2,1,7
2021-02-19,5.337538079701318,43590,1,2,1,8
2021-02-20,4.574710978503383,43615,1,2,1,9
2021-02-21,0.0,43776,1,2,1,10
2021-02-22,5.568344503761097,43515,1,2,1,11
2021-02-23,5.986452005284438,43430,1,2,1,12
2021-02-24,5.579729825986222,43389,1,2,1,13
2021-02-25,6.85751406254539,42758,1,2,1,14
2021-02-26,6.638567789166521,42255,1,2,1,15
2021-02-27,5.768320995793772,42171,1,2,1,16
2021-02-28,0.0,42406,1,2,1,17
2021-03-01,7.606884531219629,40402,1,3,1,18
2021-03-02,5.683579767338681,40501,1,3,1,19
2021-03-03,5.2832037287379885,40597,1,3,1,20
2021-03-04,6.1268691841141845,40585,1,3,1,21
2021-03-05,5.616771097666571,40710,1,3,1,22
2021-03-06,5.293304824724492,40895,1,3,1,23
2021-03-07,0.6931471805599453,41439,1,3,1,24
2021-03-08,5.187385805840755,41263,1,3,1,25
2021-03-09,5.484796933490655,41822,1,3,1,26
2021-03-10,5.442417710521793,42241,1,3,1,27
2021-03-11,6.003887067106539,42621,1,3,1,28
2021-03-12,5.899897353582492,42995,1,3,1,29
2021-03-13,5.676753802268282,43266,1,3,2,1
2021-03-14,0.6931471805599453,43757,1,3,2,2
2021-03-15,5.493061443340548,43869,1,3,2,3
2021-03-16,6.016157159698353,43684,1,3,2,4
2021-03-17,6.016157159698353,43695,1,3,2,5
2021-03-18,6.315358001522335,43588,1,3,2,6
2021-03-19,5.90808293816893,43544,1,3,2,7
2021-03-20,5.484796933490655,43596,1,3,2,8
2021-03-21,2.079441541679836,43852,1,3,2,9
2021-03-22,5.327876168789581,43810,1,3,2,10
2021-03-23,5.924255797414531,43597,1,3,2,11
2021-03-24,5.817111159963204,43491,1,3,2,12
2021-03-25,6.333279628139691,43189,1,3,2,13
2021-03-26,6.00141487796115,42991,1,3,2,14
2021-03-27,5.598421958998374,42954,1,3,2,15
2021-03-28,0.0,43133,1,3,2,16
2021-03-29,5.5053315359323625,42900,1,3,2,17
2021-03-30,5.736572297479192,42804,1,3,2,18
2021-03-31,5.493061443340548,42766,1,3,2,19
2021-04-01,5.497168225293201,42768,1,4,2,20
2021-04-02,5.220355825078324,42740,1,4,2,21
2021-04-03,5.389071729816501,42522,1,4,2,22
2021-04-04,0.0,42522,1,4,2,23
2021-04-05,0.0,42522,1,4,2,24
2021-04-06,5.153291594497778,42755,1,4,2,25
2021-04-07,4.882801922586371,42734,1,4,2,26
2021-04-08,5.480638923341991,42633,1,4,2,27
2021-04-09,5.541263545158426,42613,1,4,2,28
2021-04-10,5.3706380281276624,42612,1,4,2,29
2021-04-11,0.0,42805,1,4,2,30
2021-04-12,5.3981627015177525,42733,1,4,3,1
2021-04-13,5.135798437050261,42665,1,4,3,2
2021-04-14,4.934473933130692,42768,1,4,3,3
2021-04-15,5.529429087511423,42784,1,4,3,4
2021-04-16,5.37989735354046,42755,1,4,3,5
2021-04-17,4.934473933130692,42776,1,4,3,6
2021-04-18,0.0,42921,1,4,3,7
2021-04-19,5.164785973923514,42765,1,4,3,8
2021-04-20,4.990432586778736,42798,1,4,3,9
2021-04-21,5.003946305945459,42796,1,4,3,10
2021-04-22,5.3471075307174685,42780,1,4,3,11
2021-04-23,5.762051382780177,42635,1,4,3,12
2021-04-24,5.170483995038151,42771,1,4,3,13
2021-04-25,1.0986122886681096,43053,1,4,3,14
2021-04-26,5.484796933490655,42954,1,4,3,15
2021-04-27,5.683579767338681,42774,1,4,3,16
2021-04-28,5.58724865840025,42715,1,4,3,17
2021-04-29,6.023447592961032,42661,1,4,3,18
2021-04-30,5.986452005284438,42580,1,4,3,19
2021-05-01,3.526360524616161,42547,1,5,3,20
2021-05-02,0.0,42547,1,5,3,21
2021-05-03,0.0,42547,1,5,3,22
2021-05-04,5.521460917862246,43421,1,5,3,23
2021-05-05,5.308267697401204,43804,1,5,3,24
2021-05-06,5.752572638825633,44528,1,5,3,25
2021-05-07,6.212606095751519,44946,1,5,3,26
2021-05-08,4.859812404361672,45706,1,5,3,27
2021-05-09,2.302585092994045,46729,1,5,3,28
2021-05-10,6.386879319362644,46970,1,5,3,29
2021-05-11,6.563855526532128,46876,1,5,3,30
2021-05-12,6.315358001522335,47052,1,5,4,1
2021-05-13,6.579251212010101,47034,1,5,4,2
2021-05-14,6.309918278226516,47087,1,5,4,3
2021-05-15,5.153291594497778,47411,1,5,4,4
2021-05-16,0.0,47943,1,5,4,5
2021-05-17,6.331501849893691,47907,1,5,4,6
2021-05-18,6.265301212737709,47736,1,5,4,7
2021-05-19,6.150602768446279,47723,1,5,4,8
2021-05-20,6.3080984415095305,47816,1,5,4,9
2021-05-21,6.1463292576688975,48026,1,5,4,10
2021-05-22,5.424950017481402,48326,1,5,4,11
2021-05-23,1.0986122886681096,48958,1,5,4,12
2021-05-24,6.461468176353717,48905,1,5,4,13
2021-05-25,6.240275845170769,48748,1,5,4,14
2021-05-26,6.354370040797351,48749,1,5,4,15
2021-05-27,6.61472560020376,48615,1,5,4,16
2021-05-28,6.612041034833092,48680,1,5,4,17
2021-05-29,5.351858133476067,49316,1,5,4,18
2021-05-30,1.3862943611198906,50132,1,5,4,19
2021-05-31,7.014814351275545,49816,1,5,4,20
2021-06-01,6.522092798170152,49616,1,6,4,21
2021-06-02,6.210600077024653,50063,1,6,4,22
2021-06-03,6.621405651764134,50217,1,6,4,23
2021-06-04,6.787844982309579,50368,1,6,4,24
2021-06-05,5.627621113690637,51186,1,6,4,25
2021-06-06,2.079441541679836,52043,1,6,4,26
2021-06-07,6.84587987526405,51922,1,6,4,27
2021-06-08,6.442540166468199,51716,1,6,4,28
2021-06-09,6.432940092739179,51905,1,6,4,29
2021-06-10,6.735780014242327,51892,1,6,5,1
2021-06-11,6.61338421837956,51927,1,6,5,2
2021-06-12,5.44673737166631,51699,1,6,5,3
2021-06-13,0.0,51699,1,6,5,4
2021-06-14,0.0,51699,1,6,5,5
2021-06-15,6.668228248417403,53626,1,6,5,6
2021-06-16,6.318968113746434,53906,1,6,5,7
2021-06-17,6.214608098422191,54441,1,6,5,8
2021-06-18,6.714170529909471,54858,1,6,5,9
2021-06-19,5.83773044716594,55932,1,6,5,10
2021-06-20,1.3862943611198906,57177,1,6,5,11
2021-06-21,6.517671272912275,57530,1,6,5,12
2021-06-22,6.371611847231856,57468,1,6,5,13
2021-06-23,6.29156913955832,57750,1,6,5,14
2021-06-24,6.781057625936179,57668,1,6,5,15
2021-06-25,6.413458957167356,57953,1,6,5,16
2021-06-26,5.521460917862246,58591,1,6,5,17
2021-06-27,1.0986122886681096,59709,1,6,5,18
2021-06-28,6.641182169740591,60053,1,6,5,19
2021-06-29,6.561030665896572,60494,1,6,5,20
2021-06-30,6.406879986069314,61462,1,6,5,21
2021-07-01,6.311734809152914,62330,1,7,5,22
2021-07-02,6.206575926724927,62964,1,7,5,23
2021-07-03,5.2832037287379885,63954,1,7,5,24
2021-07-04,2.302585092994045,65127,1,7,5,25
2021-07-05,6.660575149839686,64350,1,7,5,26
2021-07-06,6.1268691841141845,65706,1,7,5,27
2021-07-07,6.436150368369427,66469,1,7,5,28
2021-07-08,6.651571873589727,66922,1,7,5,29
2021-07-09,6.572282542694008,67023,1,7,5,30
2021-07-10,5.176149732573829,67776,1,7,6,1
2021-07-11,1.791759469228055,68664,1,7,6,2
2021-07-12,6.618738983517219,67920,1,7,6,3
2021-07-13,6.255750041753367,68321,1,7,6,4
2021-07-14,6.161207321695076,68831,1,7,6,5
2021-07-15,6.473890696352274,68953,1,7,6,6
2021-07-16,6.298949246855942,69081,1,7,6,7
2021-07-17,5.47646355193151,69455,1,7,6,8
2021-07-18,0.0,69993,1,7,6,9
2021-07-19,6.226536669287466,69490,1,7,6,10
2021-07-20,6.0822189103764455,69689,1,7,6,11
2021-07-21,5.958424693029782,69849,1,7,6,12
2021-07-22,6.42648845745769,69729,1,7,6,13
2021-07-23,6.363028103540465,69582,1,7,6,14
2021-07-24,5.424950017481402,69808,1,7,6,15
2021-07-25,0.6931471805599453,70165,1,7,6,16
2021-07-26,6.597145701886651,69434,1,7,6,17
2021-07-27,6.493753839851686,69112,1,7,6,18
2021-07-28,6.461468176353717,68940,1,7,6,19
2021-07-29,6.741700694652054,68569,1,7,6,20
2021-07-30,6.903747257584598,68033,1,7,6,21
2021-07-31,5.5053315359323625,68195,1,7,6,22
2021-08-01,2.079441541679836,68526,1,8,6,23
2021-08-02,6.82001636467413,67613,1,8,6,24
2021-08-03,6.285998094508864,67437,1,8,6,25
2021-08-04,6.238324625039508,67672,1,8,6,26
2021-08-05,6.7381524945959566,67424,1,8,6,27
2021-08-06,6.647688373563329,66783,1,8,6,28
2021-08-07,5.666426688112432,66601,1,8,6,29
2021-08-08,0.0,66687,1,8,7,1
2021-08-09,6.875232087276577,66198,1,8,7,2
2021-08-10,6.670766320845874,65712,1,8,7,3
2021-08-11,6.823286122355687,65365,1,8,7,4
2021-08-12,6.946975992135418,64927,1,8,7,5
2021-08-13,7.02108396428914,64250,1,8,7,6
2021-08-14,5.5053315359323625,64360,1,8,7,7
2021-08-15,0.0,64759,1,8,7,8
2021-08-16,7.30854279753919,63269,1,8,7,9
2021-08-17,6.638567789166521,62975,1,8,7,10
2021-08-18,6.6240652277998935,62712,1,8,7,11
2021-08-19,6.899723107284872,62244,1,8,7,12
2021-08-20,7.242797922793756,61298,1,8,7,13
2021-08-21,5.872117789475416,61403,1,8,7,14
2021-08-22,0.0,61834,1,8,7,15
2021-08-23,7.239932591320469,60444,1,8,7,16
2021-08-24,6.727431724850855,60142,1,8,7,17
2021-08-25,7.097548850614793,59349,1,8,7,18
2021-08-26,7.605392364814934,57752,1,8,7,19
2021-08-27,7.358193752733032,56558,1,8,7,20
2021-08-28,5.66988092298052,56578,1,8,7,21
2021-08-29,0.0,56927,1,8,7,22
2021-08-30,7.334329350300536,55400,1,8,7,23
2021-08-31,7.122059881629142,54702,1,8,7,24
2021-09-01,7.298445101508147,53708,1,9,7,25
2021-09-02,6.566672429803241,53572,1,9,7,26
2021-09-03,6.210600077024653,53716,1,9,7,27
2021-09-04,5.771441123130016,54279,1,9,7,28
2021-09-05,0.0,55146,1,9,7,29
2021-09-06,6.915723448631313,54142,1,9,7,30
2021-09-07,6.396929655216146,54680,1,9,8,1
2021-09-08,6.395261598115449,55143,1,9,8,2
2021-09-09,6.715383386334681,55440,1,9,8,3
2021-09-10,6.638567789166521,55785,1,9,8,4
2021-09-11,5.442417710521793,56606,1,9,8,5
2021-09-12,0.0,57903,1,9,8,6
2021-09-13,6.70073110954781,57094,1,9,8,7
2021-09-14,6.493753839851686,58123,1,9,8,8
2021-09-15,6.408528791059498,58795,1,9,8,9
2021-09-16,6.70073110954781,59397,1,9,8,10
2021-09-17,6.767343125265392,59274,1,9,8,11
2021-09-18,5.442417710521793,59745,1,9,8,12
2021-09-19,0.6931471805599453,60389,1,9,8,13
2021-09-20,6.733401891837359,59551,1,9,8,14
2021-09-21,0.0,59551,1,9,8,15
2021-09-22,6.226536669287466,59620,1,9,8,16
2021-09-23,6.3080984415095305,59371,1,9,8,17
2021-09-24,6.732210706467206,59109,1,9,8,18
2021-09-25,5.332718793265369,59497,1,9,8,19
2021-09-26,1.6094379124341005,60203,1,9,8,20
2021-09-27,7.03085747611612,59073,1,9,8,21
2021-09-28,6.697034247666484,58534,1,9,8,22
2021-09-29,6.61472560020376,58149,1,9,8,23
2021-09-30,7.125283091510711,57184,1,9,8,24
2021-10-01,2.197224577336219,57176,1,10,8,25
2021-10-02,0.0,57176,1,10,8,26
2021-10-03,0.0,57176,1,10,8,27
2021-10-04,0.0,57176,1,10,8,28
2021-10-05,0.0,57176,1,10,8,29
2021-10-06,6.664409020350408,56712,1,10,9,1
2021-10-07,5.973809611869261,56587,1,10,9,2
2021-10-08,5.808142489980444,57363,1,10,9,3
2021-10-09,5.068904202220232,58118,1,10,9,4
2021-10-10,0.0,58642,1,10,9,5
2021-10-11,6.80128303447162,57746,1,10,9,6
2021-10-12,5.991464547107982,57502,1,10,9,7
2021-10-13,5.991464547107982,57738,1,10,9,8
2021-10-14,6.450470422144176,57721,1,10,9,9
2021-10-15,6.111467339502678,57298,1,10,9,10
2021-10-16,4.477336814478206,57301,1,10,9,11
2021-10-17,0.0,57365,1,10,9,12
2021-10-18,6.1779441140506,56886,1,10,9,13
2021-10-19,5.683579767338681,57132,1,10,9,14
2021-10-20,5.583496308781699,57053,1,10,9,15
2021-10-21,5.53338948872752,56957,1,10,9,16
2021-10-22,5.579729825986222,56857,1,10,9,17
2021-10-23,4.718498871295094,57263,1,10,9,18
2021-10-24,1.0986122886681096,57737,1,10,9,19
2021-10-25,5.869296913133774,57386,1,10,9,20
2021-10-26,5.817111159963204,57451,1,10,9,21
2021-10-27,6.061456918928017,57616,1,10,9,22
2021-10-28,6.361302477572995,57518,1,10,9,23
2021-10-29,6.144185634125646,57537,1,10,9,24
2021-10-30,5.036952602413629,57827,1,10,9,25
2021-10-31,0.6931471805599453,58219,1,10,9,26
2021-11-01,6.246106765481563,57709,1,11,9,27
2021-11-02,5.568344503761097,57798,1,11,9,28
2021-11-03,5.814130531825066,57976,1,11,9,29
2021-11-04,6.298949246855942,57847,1,11,9,30
2021-11-05,5.929589143389895,57861,1,11,10,1
2021-11-06,5.1298987149230735,58061,1,11,10,2
2021-11-07,0.0,58461,1,11,10,3
2021-11-08,6.137727054086234,58004,1,11,10,4
2021-11-09,5.793013608384143,58008,1,11,10,5
2021-11-10,5.808142489980444,57953,1,11,10,6
2021-11-11,6.19644412779452,57711,1,11,10,7
2021-11-12,5.860786223465865,57557,1,11,10,8
2021-11-13,4.3694478524670215,57699,1,11,10,9
2021-11-14,0.6931471805599453,57908,1,11,10,10
2021-11-15,5.872117789475416,57724,1,11,10,11
2021-11-16,5.6594822157596205,57464,1,11,10,12
2021-11-17,5.231108616854587,57537,1,11,10,13
2021-11-18,5.786897381366708,57441,1,11,10,14
2021-11-19,5.549076084895219,57388,1,11,10,15
2021-11-20,4.394449154672438,57488,1,11,10,16
2021-11-21,0.0,57673,1,11,10,17
2021-11-22,5.648974238161206,57394,1,11,10,18
2021-11-23,5.384495062789089,57398,1,11,10,19
2021-11-24,5.472270673671474,57407,1,11,10,20
2021-11-25,5.971261839790462,57244,1,11,10,21
2021-11-26,5.955837369464831,57015,1,11,10,22
2021-11-27,4.691347882229144,57104,1,11,10,23
2021-11-28,1.3862943611198906,57267,1,11,10,24
2021-11-29,6.035481432524756,56852,1,11,10,25
2021-11-30,6.013715156042801,56593,1,11,10,26
2021-12-01,6.163314804034641,56523,1,12,10,27
2021-12-02,5.564520407322693,56655,1,12,10,28
2021-12-03,5.634789603169249,56582,1,12,10,29
2021-12-04,4.976733742420574,56544,1,12,11,1
2021-12-05,0.0,56678,1,12,11,2
2021-12-06,6.212606095751519,56181,1,12,11,3
2021-12-07,5.583496308781699,55960,1,12,11,4
2021-12-08,5.484796933490655,55772,1,12,11,5
2021-12-09,5.799092654460526,55488,1,12,11,6
2021-12-10,6.115892125483033,55086,1,12,11,7
2021-12-11,4.204692619390966,55116,1,12,11,8
2021-12-12,0.0,55141,1,12,11,9
2021-12-13,5.645446897643238,54870,1,12,11,10
2021-12-14,5.327876168789581,54713,1,12,11,11
2021-12-15,5.3981627015177525,54527,1,12,11,12
2021-12-16,5.545177444479562,54291,1,12,11,13
2021-12-17,5.438079308923196,54085,1,12,11,14
2021-12-18,4.248495242049359,54039,1,12,11,15
2021-12-19,0.0,54060,1,12,11,16
2021-12-20,5.594711379601839,53797,1,12,11,17
2021-12-21,5.081404364984463,53661,1,12,11,18
2021-12-22,5.525452939131784,53450,1,12,11,19
2021-12-23,5.945420608606575,53120,1,12,11,20
2021-12-24,6.300785794663244,52615,1,12,11,21
2021-12-25,5.262690188904886,52491,1,12,11,22
2021-12-26,0.6931471805599453,52532,1,12,11,23
2021-12-27,6.698268054115412,51724,1,12,11,24
2021-12-28,6.432940092739179,51243,1,12,11,25
2021-12-29,7.370230641807081,49701,1,12,11,26
2021-12-30,8.35936910622267,45489,1,12,11,27
2021-12-31,6.903747257584598,44579,1,12,11,28
2022-01-01,3.828641396489095,44536,1,1,11,29
2022-01-02,0.6931471805599453,45026,1,1,11,30
2022-01-03,1.6094379124341005,45182,1,1,12,1
2022-01-04,5.484796933490655,45310,1,1,12,2
2022-01-05,5.365976015021851,45483,1,1,12,3
2022-01-06,5.877735781779639,45354,1,1,12,4
2022-01-07,6.282266746896006,44967,1,1,12,5
2022-01-08,5.361292165709425,44938,1,1,12,6
2022-01-09,0.0,45083,1,1,12,7
2022-01-10,6.3835066348840055,44681,1,1,12,8
2022-01-11,5.736572297479192,44462,1,1,12,9
2022-01-12,5.817111159963204,44267,1,1,12,10
2022-01-13,6.476972362889683,43740,1,1,12,11
2022-01-14,6.663132695990803,43035,1,1,12,12
2022-01-15,5.916202062607435,42748,1,1,12,13
2022-01-16,0.6931471805599453,42792,1,1,12,14
2022-01-17,6.742880635791903,41975,1,1,12,15
2022-01-18,6.008813185442595,41590,1,1,12,16
2022-01-19,6.021023349349526,41215,1,1,12,17
2022-01-20,7.125283091510711,40007,1,1,12,18
2022-01-21,7.139660335964919,38775,1,1,12,19
2022-01-22,5.549076084895219,38552,1,1,12,20
2022-01-23,0.0,38553,1,1,12,21
2022-01-24,7.390181428226429,36936,1,1,12,22
2022-01-25,4.795790545596741,36817,1,1,12,23
2022-01-26,5.267858159063328,36628,1,1,12,24
2022-01-27,5.214935757608986,36448,1,1,12,25
2022-01-28,0.0,36448,1,1,12,26
2022-01-29,0.0,36448,1,1,12,27
2022-01-30,0.0,36448,1,1,12,28
2022-01-31,0.0,36448,1,1,12,29
2022-02-01,1.3862943611198906,36445,1,2,1,1
2022-02-02,0.0,36446,1,2,1,2
2022-02-03,0.0,36446,1,2,1,3
2022-02-04,0.6931471805599453,36445,1,2,1,4
2022-02-05,0.6931471805599453,36445,1,2,1,5
2022-02-06,0.0,36445,1,2,1,6
2022-02-07,0.6931471805599453,36444,1,2,1,7
2022-02-08,4.007333185232471,36424,1,2,1,8
2022-02-09,4.343805421853684,36371,1,2,1,9
2022-02-10,5.017279836814924,36322,1,2,1,10
2022-02-11,5.700443573390686,36188,1,2,1,11
2022-02-12,4.262679877041316,36246,1,2,1,12
2022-02-13,0.0,36396,1,2,1,13
2022-02-14,5.472270673671474,36162,1,2,1,14
2022-02-15,5.204006687076795,36233,1,2,1,15
2022-02-16,4.919980925828125,36339,1,2,1,16
2022-02-17,5.5093883366279774,36365,1,2,1,17
2022-02-18,5.351858133476067,36387,1,2,1,18
2022-02-19,4.465908118654584,36526,1,2,1,19
2022-02-20,0.6931471805599453,36802,1,2,1,20
2022-02-21,5.46383180502561,36767,1,2,1,21
2022-02-22,4.962844630259907,36765,1,2,1,22
2022-02-23,5.602118820879701,36784,1,2,1,23
2022-02-24,6.29156913955832,36561,1,2,1,24
2022-02-25,6.483107351457199,36202,1,2,1,25
2022-02-26,5.762051382780177,36350,1,2,1,26
2022-02-27,0.0,36949,1,2,1,27
2022-02-28,6.639875833826536,36189,1,2,1,28
2022-03-01,6.246106765481563,36421,1,3,1,29
2022-03-02,5.365976015021851,36635,1,3,1,30
2022-03-03,5.60947179518496,36804,1,3,2,1
2022-03-04,5.662960480135946,36936,1,3,2,2
2022-03-05,4.23410650459726,37278,1,3,2,3
2022-03-06,1.0986122886681096,37766,1,3,2,4
2022-03-07,5.47646355193151,37532,1,3,2,5
2022-03-08,5.3981627015177525,38108,1,3,2,6
2022-03-09,5.313205979041787,38488,1,3,2,7
2022-03-10,5.572154032177765,38968,1,3,2,8
2022-03-11,5.676753802268282,39332,1,3,2,9
2022-03-12,4.605170185988091,39885,1,3,2,10
2022-03-13,0.0,40524,1,3,2,11
2022-03-14,5.631211781821365,40255,1,3,2,12
2022-03-15,5.5053315359323625,41053,1,3,2,13
2022-03-16,5.631211781821365,41082,1,3,2,14
2022-03-17,5.981414211254481,41110,1,3,2,15
2022-03-18,3.555348061489413,41569,1,3,2,16
2022-03-19,5.313205979041787,41370,1,3,2,17
2022-03-20,0.0,41717,1,3,2,18
2022-03-21,6.025865973825314,41309,1,3,2,19
2022-03-22,5.459585514144159,41138,1,3,2,20
2022-03-23,5.720311776607412,40997,1,3,2,21
2022-03-24,5.814130531825066,40970,1,3,2,22
2022-03-25,5.564520407322693,40903,1,3,2,23
2022-03-26,5.036952602413629,40942,1,3,2,24
2022-03-27,0.0,41118,1,3,2,25
2022-03-28,5.602118820879701,40855,1,3,2,26
2022-03-29,5.541263545158426,40932,1,3,2,27
2022-03-30,5.955837369464831,40897,1,3,2,28
2022-03-31,5.976350909297934,40781,1,3,2,29
2022-04-01,5.6240175061873385,40708,1,4,3,1
2022-04-02,4.787491742782046,40824,1,4,3,2
2022-04-03,0.0,41065,1,4,3,3
2022-04-04,4.948759890378168,40933,1,4,3,4
2022-04-05,0.0,40933,1,4,3,5
2022-04-06,5.42934562895444,41013,1,4,3,6
2022-04-07,5.468060141135131,40893,1,4,3,7
2022-04-08,5.762051382780177,40803,1,4,3,8
2022-04-09,5.068904202220232,40820,1,4,3,9
2022-04-10,0.0,40995,1,4,3,10
2022-04-11,5.733341276897745,40690,1,4,3,11
2022-04-12,5.375278407684164,40788,1,4,3,12
2022-04-13,5.2574953720277815,40846,1,4,3,13
2022-04-14,5.525452939131784,40856,1,4,3,14
2022-04-15,5.459585514144159,40863,1,4,3,15
2022-04-16,4.59511985013459,40964,1,4,3,16
2022-04-17,0.0,41139,1,4,3,17
2022-04-18,5.298317366548036,40943,1,4,3,18
2022-04-19,5.407171771460119,40975,1,4,3,19
2022-04-20,5.231108616854587,41225,1,4,3,20
2022-04-21,5.700443573390686,41433,1,4,3,21
2022-04-22,5.4510384535657,41664,1,4,3,22
2022-04-23,5.043425116919247,41903,1,4,3,23
2022-04-24,0.0,42256,1,4,3,24
2022-04-25,5.834810737062605,41923,1,4,3,25
2022-04-26,5.808142489980444,42110,1,4,3,26
2022-04-27,5.929589143389895,41966,1,4,3,27
2022-04-28,6.100318952020064,41735,1,4,3,28
2022-04-29,6.459904454377535,41538,1,4,3,29
2022-04-30,4.997212273764115,41915,1,4,3,30
2022-05-01,4.304065093204169,41842,1,5,4,1
2022-05-02,0.0,41842,1,5,4,2
2022-05-03,5.37989735354046,42148,1,5,4,3
2022-05-04,6.505784060128228,41792,1,5,4,4
2022-05-05,5.993961427306569,41738,1,5,4,5
2022-05-06,6.300785794663244,41603,1,5,4,6
2022-05-07,4.51085950651685,42021,1,5,4,7
2022-05-08,0.0,42710,1,5,4,8
2022-05-09,6.20455776256869,42252,1,5,4,9
2022-05-10,5.966146739123692,42788,1,5,4,10
2022-05-11,6.056784013228624,42962,1,5,4,11
2022-05-12,6.302618975744905,42696,1,5,4,12
2022-05-13,6.415096959171595,42188,1,5,4,13
2022-05-14,4.663439094112067,42171,1,5,4,14
2022-05-15,0.0,42243,1,5,4,15
2022-05-16,6.148468295917646,41776,1,5,4,16
2022-05-17,5.730099782973574,41543,1,5,4,17
2022-05-18,5.480638923341991,41851,1,5,4,18
2022-05-19,5.976350909297934,41907,1,5,4,19
2022-05-20,5.771441123130016,41954,1,5,4,20
2022-05-21,4.605170185988091,42185,1,5,4,21
2022-05-22,0.0,42513,1,5,4,22
2022-05-23,6.228511003591183,42019,1,5,4,23
2022-05-24,5.978885764901122,41976,1,5,4,24
2022-05-25,6.030685260261263,41881,1,5,4,25
2022-05-26,6.436150368369427,41581,1,5,4,26
2022-05-27,6.304448802421981,41302,1,5,4,27
2022-05-28,5.10594547390058,41694,1,5,4,28
2022-05-29,0.0,42124,1,5,4,29
2022-05-30,6.302618975744905,41594,1,5,5,1
2022-05-31,6.4692503167957724,41688,1,5,5,2
2022-06-01,5.808142489980444,41743,1,6,5,3
2022-06-02,5.83773044716594,41823,1,6,5,4
2022-06-03,0.0,41823,1,6,5,5
2022-06-04,1.3862943611198906,41822,1,6,5,6
2022-06-05,0.0,42497,1,6,5,7
2022-06-06,5.932245187448011,42123,1,6,5,8
2022-06-07,5.986452005284438,42131,1,6,5,9
2022-06-08,5.937536205082426,42092,1,6,5,10
2022-06-09,6.148468295917646,42055,1,6,5,11
2022-06-10,6.075346031088684,42418,1,6,5,12
2022-06-11,4.406719247264253,42958,1,6,5,13
2022-06-12,1.6094379124341005,43668,1,6,5,14
2022-06-13,6.3784261836515865,43088,1,6,5,15
2022-06-14,5.857933154483459,43913,1,6,5,16
2022-06-15,5.966146739123692,44609,1,6,5,17
2022-06-16,6.436150368369427,44803,1,6,5,18
2022-06-17,6.186208623900494,45050,1,6,5,19
2022-06-18,4.418840607796597,45478,1,6,5,20
2022-06-19,0.0,45808,1,6,5,21
2022-06-20,6.380122536899765,45220,1,6,5,22
2022-06-21,6.084499413075172,45525,1,6,5,23
2022-06-22,5.937536205082426,45837,1,6,5,24
2022-06-23,6.320768294250582,45777,1,6,5,25
2022-06-24,6.093569770045136,45688,1,6,5,26
2022-06-25,4.663439094112067,45893,1,6,5,27
2022-06-26,0.6931471805599453,46212,1,6,5,28
2022-06-27,6.507277712385012,45543,1,6,5,29
2022-06-28,6.546785410760524,45491,1,6,5,30
2022-06-29,6.563855526532128,45499,1,6,6,1
2022-06-30,7.652070746116482,44156,1,6,6,2
2022-07-01,6.129050210060545,44603,1,7,6,3
2022-07-02,3.713572066704308,45245,1,7,6,4
2022-07-03,0.0,45937,1,7,6,5
2022-07-04,6.077642243349034,45511,1,7,6,6
2022-07-05,6.0867747269123065,45870,1,7,6,7
2022-07-06,6.354370040797351,45938,1,7,6,8
2022-07-07,6.522092798170152,45993,1,7,6,9
2022-07-08,6.230481447578482,46149,1,7,6,10
2022-07-09,4.836281906951478,46695,1,7,6,11
2022-07-10,0.0,47515,1,7,6,12
2022-07-11,6.354370040797351,46950,1,7,6,13
2022-07-12,6.608000625296087,47363,1,7,6,14
2022-07-13,6.030685260261263,47603,1,7,6,15
2022-07-14,6.259581464064922,47602,1,7,6,16
2022-07-15,6.059123195581797,47909,1,7,6,17
2022-07-16,4.499809670330265,48788,1,7,6,18
2022-07-17,0.0,49638,1,7,6,19
2022-07-18,6.210600077024653,49146,1,7,6,20
2022-07-19,6.063785208687608,49766,1,7,6,21
2022-07-20,5.961005339623274,50044,1,7,6,22
2022-07-21,6.522092798170152,49850,1,7,6,23
2022-07-22,6.416732282512326,49721,1,7,6,24
2022-07-23,4.990432586778736,50115,1,7,6,25
2022-07-24,0.0,50583,1,7,6,26
2022-07-25,6.583409222158765,49861,1,7,6,27
2022-07-26,6.175867270105761,49713,1,7,6,28
2022-07-27,6.192362489474872,49228,1,7,6,29
2022-07-28,6.666956792429207,48608,1,7,6,30
2022-07-29,6.647688373563329,47965,1,7,7,1
2022-07-30,5.8971538676367405,48034,1,7,7,2
2022-07-31,0.6931471805599453,48244,1,7,7,3
2022-08-01,6.329720905522696,47766,1,8,7,4
2022-08-02,5.575949103146316,47944,1,8,7,5
2022-08-03,5.438079308923196,48478,1,8,7,6
2022-08-04,6.311734809152914,48702,1,8,7,7
2022-08-05,6.356107660695891,48697,1,8,7,8
2022-08-06,5.303304908059076,48940,1,8,7,9
2022-08-07,1.0986122886681096,49323,1,8,7,10
2022-08-08,6.9167150203536085,48325,1,8,7,11
2022-08-09,6.150602768446279,48452,1,8,7,12
2022-08-10,6.242223265455165,48438,1,8,7,13
2022-08-11,6.616065185132817,48261,1,8,7,14
2022-08-12,6.673297967767653,47975,1,8,7,15
2022-08-13,5.517452896464707,49320,1,8,7,16
2022-08-14,3.6635616461296463,51074,1,8,7,17
2022-08-15,7.152268856032539,51110,1,8,7,18
2022-08-16,6.3784261836515865,51591,1,8,7,19
2022-08-17,6.517671272912275,52405,1,8,7,20
2022-08-18,7.209340256602909,52615,1,8,7,21
2022-08-19,7.20414929203594,52789,1,8,7,22
2022-08-20,5.666426688112432,53323,1,8,7,23
2022-08-21,0.6931471805599453,53935,1,8,7,24
2022-08-22,7.554334823725747,52028,1,8,7,25
2022-08-23,6.784457062637643,51643,1,8,7,26
2022-08-24,6.859614903654202,50970,1,8,7,27
2022-08-25,7.205635176410364,49948,1,8,7,28
2022-08-26,7.04315991598834,49115,1,8,7,29
2022-08-27,5.1298987149230735,49184,1,8,8,1
2022-08-28,0.6931471805599453,49421,1,8,8,2
2022-08-29,6.796823718274855,48528,1,8,8,3
2022-08-30,6.100318952020064,48341,1,8,8,4
2022-08-31,6.208590026096629,48319,1,8,8,5
2022-09-01,6.186208623900494,48322,1,9,8,6
2022-09-02,5.749392985908253,48483,1,9,8,7
2022-09-03,4.127134385045092,49078,1,9,8,8
2022-09-04,1.3862943611198906,49589,1,9,8,9
2022-09-05,6.490723534502507,49407,1,9,8,10
2022-09-06,6.056784013228624,49617,1,9,8,11
2022-09-07,5.87493073085203,50084,1,9,8,12
2022-09-08,6.439350371100098,50123,1,9,8,13
2022-09-09,6.300785794663244,49595,1,9,8,14
2022-09-10,0.6931471805599453,49594,1,9,8,15
2022-09-11,1.3862943611198906,49591,1,9,8,16
2022-09-12,2.079441541679836,50994,1,9,8,17
2022-09-13,6.049733455231958,50765,1,9,8,18
2022-09-14,5.961005339623274,50878,1,9,8,19
2022-09-15,6.018593214496234,51065,1,9,8,20
2022-09-16,6.352629396319566,50978,1,9,8,21
2022-09-17,3.988984046564274,51186,1,9,8,22
2022-09-18,0.0,51186,1,9,8,23
2022-09-19,6.230481447578482,51317,1,9,8,24
2022-09-20,5.877735781779639,51026,1,9,8,25
2022-09-21,5.808142489980444,51056,1,9,8,26
2022-09-22,6.0330862217988015,51030,1,9,8,27
2022-09-23,6.354370040797351,50717,1,9,8,28
2022-09-24,4.477336814478206,50813,1,9,8,29
2022-09-25,0.0,50969,1,9,8,30
2022-09-26,6.498282149476434,50310,1,9,9,1
2022-09-27,6.180016653652572,49920,1,9,9,2
2022-09-28,6.137727054086234,49560,1,9,9,3
2022-09-29,6.704414354964107,48826,1,9,9,4
2022-09-30,6.942156705699469,47798,1,9,9,5
2022-10-01,3.295836866004329,47772,1,10,9,6
2022-10-02,0.0,47772,1,10,9,7
2022-10-03,0.0,47772,1,10,9,8
2022-10-04,0.0,48112,1,10,9,9
2022-10-05,1.3862943611198906,48109,1,10,9,10
2022-10-06,5.332718793265369,48052,1,10,9,11
2022-10-07,5.5053315359323625,47917,1,10,9,12
2022-10-08,3.1780538303479453,47909,1,10,9,13
2022-10-09,0.0,47909,1,10,9,14
2022-10-10,5.733341276897745,47900,1,10,9,15
2022-10-11,5.583496308781699,47700,1,10,9,16
2022-10-12,5.214935757608986,47668,1,10,9,17
2022-10-13,5.541263545158426,47414,1,10,9,18
2022-10-14,5.501258210544727,47173,1,10,9,19
2022-10-15,3.555348061489413,47140,1,10,9,20
2022-10-16,0.0,47140,1,10,9,21
2022-10-17,5.332718793265369,47448,1,10,9,22
2022-10-18,5.459585514144159,47485,1,10,9,23
2022-10-19,5.111987788356543,47473,1,10,9,24
2022-10-20,5.303304908059076,47423,1,10,9,25
2022-10-21,5.389071729816501,47368,1,10,9,26
2022-10-22,3.9702919135521215,47318,1,10,9,27
2022-10-23,0.0,47318,1,10,9,28
2022-10-24,5.82600010738045,47291,1,10,9,29
2022-10-25,5.468060141135131,47076,1,10,10,1
2022-10-26,5.666426688112432,46928,1,10,10,2
2022-10-27,6.0473721790462776,46647,1,10,10,3
2022-10-28,6.3784261836515865,46480,1,10,10,4
2022-10-29,4.406719247264253,46404,1,10,10,5
2022-10-30,0.0,46404,1,10,10,6
2022-10-31,7.327780538421631,45907,1,10,10,7
2022-11-01,6.593044534142437,45216,1,11,10,8
2022-11-02,5.1179938124167546,45443,1,11,10,9
2022-11-03,5.537334267018537,45606,1,11,10,10
2022-11-04,5.840641657373398,45586,1,11,10,11
2022-11-05,3.8501476017100575,45547,1,11,10,12
2022-11-06,0.0,45547,1,11,10,13
2022-11-07,5.991464547107982,46052,1,11,10,14
2022-11-08,5.44673737166631,45845,1,11,10,15
2022-11-09,5.598421958998374,45704,1,11,10,16
2022-11-10,5.799092654460526,45483,1,11,10,17
2022-11-11,5.703782474656201,45266,1,11,10,18
2022-11-12,3.828641396489095,45223,1,11,10,19
2022-11-13,0.0,45223,1,11,10,20
2022-11-14,5.697093486505405,45166,1,11,10,21
2022-11-15,5.288267030694535,44996,1,11,10,22
2022-11-16,5.099866427824198,44885,1,11,10,23
2022-11-17,5.46383180502561,44699,1,11,10,24
2022-11-18,5.365976015021851,44544,1,11,10,25
2022-11-19,3.8501476017100575,44500,1,11,10,26
2022-11-20,0.0,44500,1,11,10,27
2022-11-21,5.648974238161206,44343,1,11,10,28
2022-11-22,5.062595033026967,44210,1,11,10,29
2022-11-23,5.19295685089021,44044,1,11,10,30
2022-11-24,5.459585514144159,43821,1,11,11,1
2022-11-25,5.768320995793772,43514,1,11,11,2
2022-11-26,4.304065093204169,43443,1,11,11,3
2022-11-27,0.0,43443,1,11,11,4
2022-11-28,5.963579343618446,43079,1,11,11,5
2022-11-29,5.135798437050261,42928,1,11,11,6
2022-11-30,5.802118375377063,42612,1,11,11,7
2022-12-01,5.805134968916488,42296,1,12,11,8
2022-12-02,5.159055299214529,42138,1,12,11,9
2022-12-03,2.5649493574615367,42128,1,12,11,10
2022-12-04,0.0,42128,1,12,11,11
2022-12-05,5.762051382780177,41849,1,12,11,12
2022-12-06,4.962844630259907,41711,1,12,11,13
2022-12-07,4.990432586778736,41591,1,12,11,14
2022-12-08,5.407171771460119,41413,1,12,11,15
2022-12-09,5.3706380281276624,41391,1,12,11,16
2022-12-10,3.688879454113936,41354,1,12,11,17
2022-12-11,0.0,41354,1,12,11,18
2022-12-12,5.46383180502561,41503,1,12,11,19
2022-12-13,4.990432586778736,41363,1,12,11,20
2022-12-14,5.123963979403259,41247,1,12,11,21
2022-12-15,5.720311776607412,40977,1,12,11,22
2022-12-16,5.991464547107982,40601,1,12,11,23
2022-12-17,3.9702919135521215,40551,1,12,11,24
2022-12-18,0.0,40551,1,12,11,25
2022-12-19,6.2166061010848646,40103,1,12,11,26
2022-12-20,5.361292165709425,39913,1,12,11,27
2022-12-21,5.537334267018537,39764,1,12,11,28
2022-12-22,5.82600010738045,39512,1,12,11,29
2022-12-23,6.278521424165844,39027,1,12,12,1
2022-12-24,4.700480365792416,38939,1,12,12,2
2022-12-25,0.0,38955,1,12,12,3
2022-12-26,6.749931193788569,38102,1,12,12,4
2022-12-27,6.42648845745769,37501,1,12,12,5
2022-12-28,6.833031732786201,36608,1,12,12,6
2022-12-29,6.979145275068809,35585,1,12,12,7
2022-12-30,7.68937110752969,33467,1,12,12,8
2022-12-31,3.4657359027997265,33439,1,12,12,9
2023-01-01,1.3862943611198906,33436,0,1,12,10
2023-01-02,0.0,33523,0,1,12,11
2023-01-03,5.616771097666571,33252,0,1,12,12
2023-01-04,5.680172609017067,33024,0,1,12,13
2023-01-05,6.1779441140506,32594,0,1,12,14
2023-01-06,6.6280413761795325,31879,0,1,12,15
2023-01-07,5.170483995038151,31707,0,1,12,16
2023-01-08,0.0,31708,0,1,12,17
2023-01-09,6.80128303447162,30869,0,1,12,18
2023-01-10,6.501289670540389,30205,0,1,12,19
2023-01-11,5.730099782973574,29900,0,1,12,20
2023-01-12,6.682108597449808,29104,0,1,12,21
2023-01-13,6.710523109452428,28286,0,1,12,22
2023-01-14,1.3862943611198906,28284,0,1,12,23
2023-01-15,1.3862943611198906,28281,0,1,12,24
2023-01-16,0.0,28281,0,1,12,25
2023-01-17,0.0,28281,0,1,12,26
2023-01-18,0.0,28281,0,1,12,27
2023-01-19,0.0,28281,0,1,12,28
2023-01-20,0.0,28281,0,1,12,29
2023-01-21,0.0,28281,0,1,12,30
2023-01-22,0.0,28281,0,1,1,1
2023-01-23,0.0,28281,0,1,1,2
2023-01-24,0.0,28281,0,1,1,3
2023-01-25,0.0,28281,0,1,1,4
2023-01-26,0.0,28281,0,1,1,5
2023-01-27,3.1780538303479453,28262,0,1,1,6
2023-01-28,3.4339872044851463,28317,0,1,1,7
2023-01-29,0.6931471805599453,28395,0,1,1,8
2023-01-30,5.1179938124167546,28329,0,1,1,9
2023-01-31,6.408528791059498,27950,0,1,1,10
2023-02-01,5.424950017481402,28072,0,2,1,11
2023-02-02,5.318119993844216,28185,0,2,1,12
2023-02-03,5.081404364984463,28336,0,2,1,13
2023-02-04,3.555348061489413,28607,0,2,1,14
2023-02-05,0.0,28855,0,2,1,15
2023-02-06,5.966146739123692,28651,0,2,1,16
2023-02-07,5.375278407684164,28795,0,2,1,17
2023-02-08,4.997212273764115,29055,0,2,1,18
2023-02-09,5.802118375377063,29201,0,2,1,19
2023-02-10,5.497168225293201,29674,0,2,1,20
2023-02-11,4.406719247264253,30355,0,2,1,21
2023-02-12,3.688879454113936,31135,0,2,1,22
2023-02-13,5.802118375377063,30808,0,2,1,23
2023-02-14,5.556828061699537,30746,0,2,1,24
2023-02-15,5.513428746164982,30779,0,2,1,25
2023-02-16,6.045005314036011,30730,0,2,1,26
2023-02-17,5.82600010738045,30430,0,2,1,27
2023-02-18,2.9444389791664403,30420,0,2,1,28
2023-02-19,0.6931471805599453,30428,0,2,1,29
2023-02-20,5.834810737062605,30087,0,2,2,1
2023-02-21,5.438079308923196,29865,0,2,2,2
2023-02-22,4.882801922586371,29743,0,2,2,3
2023-02-23,5.323009979138408,29546,0,2,2,4
2023-02-24,4.867534450455582,29425,0,2,2,5
2023-02-25,3.3672958299864737,29404,0,2,2,6
2023-02-26,0.0,29415,0,2,2,7
2023-02-27,5.111987788356543,29250,0,2,2,8
2023-02-28,4.691347882229144,29157,0,2,2,9
2023-03-01,4.653960350157523,29064,0,3,2,10
2023-03-02,4.430816798843313,29008,0,3,2,11
2023-03-03,4.820281565605037,28898,0,3,2,12
2023-03-04,3.8918202981106265,28859,0,3,2,13
2023-03-05,0.0,28871,0,3,2,14
2023-03-06,5.749392985908253,28558,0,3,2,15
2023-03-07,4.477336814478206,28621,0,3,2,16
2023-03-08,4.442651256490317,28686,0,3,2,17
2023-03-09,4.820281565605037,28733,0,3,2,18
2023-03-10,4.762173934797756,28826,0,3,2,19
2023-03-11,3.2580965380214817,28922,0,3,2,20
2023-03-12,1.791759469228055,29001,0,3,2,21
2023-03-13,5.247024072160486,28814,0,3,2,22
2023-03-14,4.859812404361672,28820,0,3,2,23
2023-03-15,4.852030263919617,28813,0,3,2,24
2023-03-16,5.036952602413629,28675,0,3,2,25
2023-03-17,5.056245805348308,28535,0,3,2,26
2023-03-18,2.5649493574615367,28535,0,3,2,27
2023-03-19,0.0,28549,0,3,2,28
2023-03-20,4.867534450455582,28420,0,3,2,29
2023-03-21,4.48863636973214,28348,0,3,2,30
2023-03-22,4.61512051684126,28262,0,3,2,1
2023-03-23,5.0238805208462765,28121,0,3,2,2
2023-03-24,4.812184355372417,28013,0,3,2,3
2023-03-25,3.332204510175204,27996,0,3,2,4
2023-03-26,0.0,28004,0,3,2,5
2023-03-27,5.262690188904886,27812,0,3,2,6
2023-03-28,4.727387818712341,27723,0,3,2,7
2023-03-29,4.812184355372417,27609,0,3,2,8
2023-03-30,4.927253685157204,27477,0,3,2,9
2023-03-31,5.541263545158426,27236,0,3,2,10
2023-04-01,4.276666119016055,27172,0,4,2,11
2023-04-02,0.0,27175,0,4,2,12
2023-04-03,0.0,27175,0,4,2,13
2023-04-04,0.0,27175,0,4,2,14
2023-04-05,0.0,27175,0,4,2,15
2023-04-06,4.912654885736052,27040,0,4,2,16
2023-04-07,7.957877358489813,26948,0,4,2,17
2023-04-08,4.262679877041316,26930,0,4,2,18
2023-04-09,0.6931471805599453,27066,0,4,2,19
2023-04-10,5.41164605185504,26860,0,4,2,20
2023-04-11,4.31748811353631,27030,0,4,2,21
2023-04-12,4.025351690735149,27227,0,4,2,22
2023-04-13,5.062595033026967,27239,0,4,2,23
2023-04-14,5.0238805208462765,27365,0,4,2,24
2023-04-15,4.836281906951478,27406,0,4,2,25
2023-04-16,1.3862943611198906,27565,0,4,2,26
2023-04-17,4.844187086458591,27545,0,4,2,27
2023-04-18,4.68213122712422,27722,0,4,2,28
2023-04-19,4.828313737302301,27989,0,4,2,29
2023-04-20,5.71042701737487,28075,0,4,3,1
2023-04-21,5.37989735354046,28218,0,4,3,2
2023-04-22,4.143134726391533,28499,0,4,3,3
2023-04-23,2.772588722239781,28797,0,4,3,4
2023-04-24,5.75890177387728,28483,0,4,3,5
2023-04-25,5.525452939131784,28796,0,4,3,6
2023-04-26,5.241747015059643,28866,0,4,3,7
2023-04-27,5.924255797414531,28700,0,4,3,8
2023-04-28,6.331501849893691,28351,0,4,3,9
2023-04-29,3.2580965380214817,28666,0,4,3,10
2023-04-30,3.295836866004329,28918,0,4,3,11
2023-05-01,3.526360524616161,28885,0,5,3,12
2023-05-02,5.472270673671474,28652,0,5,3,13
2023-05-03,5.1179938124167546,28771,0,5,3,14
2023-05-04,5.043425116919247,29063,0,5,3,15
2023-05-05,5.840641657373398,29202,0,5,3,16
2023-05-06,4.499809670330265,29631,0,5,3,17
2023-05-07,2.8903717578961645,30182,0,5,3,18
2023-05-08,6.049733455231958,29761,0,5,3,19
2023-05-09,5.365976015021851,30293,0,5,3,20
2023-05-10,5.83773044716594,30532,0,5,3,21
2023-05-11,5.998936561946683,30647,0,5,3,22
2023-05-12,5.929589143389895,30876,0,5,3,23
2023-05-13,4.499809670330265,31350,0,5,3,24
2023-05-14,2.995732273553991,31788,0,5,3,25
2023-05-15,6.0112671744041615,31390,0,5,3,26
2023-05-16,5.71042701737487,31723,0,5,3,27
2023-05-17,5.817111159963204,32028,0,5,3,28
2023-05-18,6.056784013228624,32171,0,5,3,29
2023-05-19,5.934894195619588,32263,0,5,4,1
2023-05-20,4.23410650459726,32717,0,5,4,2
2023-05-21,2.995732273553991,33118,0,5,4,3
2023-05-22,6.202535517187922,32640,0,5,4,4
2023-05-23,5.793013608384143,32873,0,5,4,5
2023-05-24,5.918893854273146,32979,0,5,4,6
2023-05-25,6.3080984415095305,32850,0,5,4,7
2023-05-26,6.0473721790462776,32859,0,5,4,8
2023-05-27,4.634728988229636,33179,0,5,4,9
2023-05-28,2.197224577336219,33774,0,5,4,10
2023-05-29,6.285998094508864,33246,0,5,4,11
2023-05-30,5.869296913133774,33234,0,5,4,12
2023-05-31,6.0867747269123065,32947,0,5,4,13
2023-06-01,6.3784261836515865,32465,0,6,4,14
2023-06-02,5.631211781821365,32344,0,6,4,15
2023-06-03,3.737669618283368,32457,0,6,4,16
2023-06-04,0.6931471805599453,32602,0,6,4,17
2023-06-05,5.953243334287784,32224,0,6,4,18
2023-06-06,5.293304824724492,32546,0,6,4,19
2023-06-07,5.46383180502561,32880,0,6,4,20
2023-06-08,5.746203190540153,33002,0,6,4,21
2023-06-09,5.733341276897745,33027,0,6,4,22
2023-06-10,4.262679877041316,33277,0,6,4,23
2023-06-11,1.791759469228055,33597,0,6,4,24
2023-06-12,6.052089168924416,33178,0,6,4,25
2023-06-13,5.62040086571715,33474,0,6,4,26
2023-06-14,5.652489180268651,33790,0,6,4,27
2023-06-15,5.820082930352362,33955,0,6,4,28
2023-06-16,5.733341276897745,34002,0,6,4,29
2023-06-17,5.164785973923514,34385,0,6,4,30
2023-06-18,2.5649493574615367,34762,0,6,5,1
2023-06-19,5.613128106388071,34500,0,6,5,2
2023-06-20,5.5053315359323625,34937,0,6,5,3
2023-06-21,5.817111159963204,35195,0,6,5,4
2023-06-22,3.332204510175204,35168,0,6,5,5
2023-06-23,3.1780538303479453,35794,0,6,5,6
2023-06-24,3.6375861597263857,36802,0,6,5,7
2023-06-25,3.1354942159291497,37785,0,6,5,8
2023-06-26,6.486160788944089,37132,0,6,5,9
2023-06-27,5.961005339623274,37211,0,6,5,10
2023-06-28,5.793013608384143,37289,0,6,5,11
2023-06-29,6.413458957167356,37009,0,6,5,12
2023-06-30,6.483107351457199,36832,0,6,5,13
2023-07-01,4.941642422609304,37541,0,7,5,14
2023-07-02,2.995732273553991,38033,0,7,5,15
2023-07-03,6.480044561926653,37387,0,7,5,16
2023-07-04,5.7899601708972535,37485,0,7,5,17
2023-07-05,5.6240175061873385,37731,0,7,5,18
2023-07-06,6.19644412779452,37664,0,7,5,19
2023-07-07,6.0330862217988015,37805,0,7,5,20
2023-07-08,4.691347882229144,38118,0,7,5,21
2023-07-09,1.9459101490553128,38581,0,7,5,22
2023-07-10,6.329720905522696,38035,0,7,5,23
2023-07-11,5.641907070938114,38258,0,7,5,24
2023-07-12,5.817111159963204,38333,0,7,5,25
2023-07-13,6.07993319509559,38211,0,7,5,26
2023-07-14,5.8805329864007,38045,0,7,5,27
2023-07-15,4.158883083359672,38355,0,7,5,28
2023-07-16,1.791759469228055,38832,0,7,5,29
2023-07-17,5.998936561946683,38432,0,7,5,30
2023-07-18,5.459585514144159,38623,0,7,6,1
2023-07-19,5.560681631015528,38541,0,7,6,2
2023-07-20,5.8971538676367405,38296,0,7,6,3
2023-07-21,5.828945617610207,38044,0,7,6,4
2023-07-22,4.394449154672438,38058,0,7,6,5
2023-07-23,0.6931471805599453,38263,0,7,6,6
2023-07-24,6.182084906716631,37794,0,7,6,7
2023-07-25,5.521460917862246,38375,0,7,6,8
2023-07-26,5.6937321388027,38228,0,7,6,9
2023-07-27,5.937536205082426,37980,0,7,6,10
2023-07-28,6.142037405587356,37643,0,7,6,11
2023-07-29,4.276666119016055,37783,0,7,6,12
2023-07-30,0.6931471805599453,37980,0,7,6,13
2023-07-31,6.620073206530356,37240,0,7,6,14
